forecast_id,note_id,canonical_note_url,published_at_utc,official_tipoff_utc,lead_time_minutes,actual_start_utc,lead_time_to_actual_start_minutes,prospective_timing_basis,prospective_status_final,nba_game_id,round,series_key,official_game_number,away_team,home_team,predicted_control_team,predicted_outcome_team,analysis_outcome_call_correct,edited_flag,metadata_correction_flag,strict_prospective_sample,strict_sample_exclusion_reason
RF2026-001,c-245839479,https://substack.com/@markbarnekow/note/c-245839479,2026-04-19T14:32:31.733000Z,2026-04-19T22:30:00Z,477.47111666666666,2026-04-19T22:38:00Z,485.47111666666666,PUBLISHED_BEFORE_RECORDED_ACTUAL_START,confirmed_prospective,0042500101,First Round,DET-ORL,1,ORL,DET,DET,DET,False,True,False,True,
RF2026-002,c-245779220,https://substack.com/@markbarnekow/note/c-245779220,2026-04-19T12:01:41.329000Z,2026-04-19T17:00:00Z,298.3111833333333,2026-04-19T17:11:00Z,309.3111833333333,PUBLISHED_BEFORE_RECORDED_ACTUAL_START,confirmed_prospective,0042500111,First Round,BOS-PHI,1,PHI,BOS,BOS,BOS,True,False,False,True,
RF2026-003,c-245833291,https://substack.com/@markbarnekow/note/c-245833291,2026-04-19T14:19:15.126000Z,2026-04-19T19:30:00Z,310.7479,2026-04-19T19:47:00Z,327.7479,PUBLISHED_BEFORE_RECORDED_ACTUAL_START,confirmed_prospective,0042500141,First Round,OKC-PHX,1,PHX,OKC,OKC,OKC,True,False,False,True,
RF2026-004,c-245851198,https://substack.com/@markbarnekow/note/c-245851198,2026-04-19T14:57:10.369000Z,2026-04-20T01:00:00Z,602.8271833333333,2026-04-20T01:18:00Z,620.8271833333333,PUBLISHED_BEFORE_RECORDED_ACTUAL_START,confirmed_prospective,0042500151,First Round,SAS-POR,1,POR,SAS,SAS,SAS,True,True,False,True,
RF2026-005,c-246596146,https://substack.com/@markbarnekow/note/c-246596146,2026-04-20T23:37:01.558000Z,2026-04-21T00:00:00Z,22.974033333333335,2026-04-21T00:10:00Z,32.97403333333333,PUBLISHED_BEFORE_RECORDED_ACTUAL_START,confirmed_prospective,0042500122,First Round,NYK-ATL,2,ATL,NYK,NYK,NYK,False,False,False,True,
RF2026-006,c-247097964,https://substack.com/@markbarnekow/note/c-247097964,2026-04-21T22:04:06.441000Z,2026-04-21T23:00:00Z,55.89265,2026-04-21T23:13:00Z,68.89265,PUBLISHED_BEFORE_RECORDED_ACTUAL_START,confirmed_prospective,0042500112,First Round,BOS-PHI,2,PHI,BOS,BOS,BOS,False,True,False,True,
RF2026-007,c-247112061,https://substack.com/@markbarnekow/note/c-247112061,2026-04-21T22:37:09.341000Z,2026-04-22T00:00:00Z,82.84431666666666,2026-04-22T00:07:00Z,89.84431666666666,PUBLISHED_BEFORE_RECORDED_ACTUAL_START,confirmed_prospective,0042500152,First Round,SAS-POR,2,POR,SAS,SAS,SAS,False,False,False,True,
RF2026-008,c-247124924,https://substack.com/@markbarnekow/note/c-247124924,2026-04-21T23:10:15.604000Z,2026-04-22T02:30:00Z,199.73993333333334,2026-04-22T02:48:00Z,217.73993333333334,PUBLISHED_BEFORE_RECORDED_ACTUAL_START,confirmed_prospective,0042500172,First Round,LAL-HOU,2,HOU,LAL,HOU,HOU,False,False,False,True,
RF2026-009,c-247675603,https://substack.com/@markbarnekow/note/c-247675603,2026-04-22T22:30:42.830000Z,2026-04-22T23:00:00Z,29.286166666666666,2026-04-22T23:14:00Z,43.28616666666667,PUBLISHED_BEFORE_RECORDED_ACTUAL_START,confirmed_prospective,0042500102,First Round,DET-ORL,2,ORL,DET,DET,DET,True,False,False,True,
RF2026-010,c-247683188,https://substack.com/@markbarnekow/note/c-247683188,2026-04-22T22:50:18.412000Z,2026-04-23T01:30:00Z,159.69313333333332,2026-04-23T01:48:00Z,177.69313333333332,PUBLISHED_BEFORE_RECORDED_ACTUAL_START,confirmed_prospective,0042500142,First Round,OKC-PHX,2,PHX,OKC,OKC,OKC,True,False,False,True,
RF2026-011,c-248198111,https://substack.com/@markbarnekow/note/c-248198111,2026-04-23T22:13:53.479000Z,2026-04-23T23:00:00Z,46.10868333333334,2026-04-23T23:11:00Z,57.10868333333334,PUBLISHED_BEFORE_RECORDED_ACTUAL_START,confirmed_prospective,0042500123,First Round,NYK-ATL,3,NYK,ATL,NYK,NYK,False,False,False,True,
RF2026-012,c-248724656,https://substack.com/@markbarnekow/note/c-248724656,2026-04-24T22:49:49.497000Z,2026-04-24T23:00:00Z,10.17505,2026-04-24T23:13:00Z,23.17505,PUBLISHED_BEFORE_RECORDED_ACTUAL_START,confirmed_prospective,0042500113,First Round,BOS-PHI,3,BOS,PHI,BOS,BOS,True,False,False,True,
RF2026-013,c-248795137,https://substack.com/@markbarnekow/note/c-248795137,2026-04-25T02:35:29.464000Z,2026-04-25T02:30:00Z,-5.491066666666667,2026-04-25T02:49:00Z,13.508933333333333,PUBLISHED_BEFORE_RECORDED_ACTUAL_START,confirmed_prospective,0042500153,First Round,SAS-POR,3,SAS,POR,SAS,SAS,True,False,False,True,
RF2026-014,c-248748173,https://substack.com/@markbarnekow/note/c-248748173,2026-04-24T23:56:24.296000Z,2026-04-25T00:00:00Z,3.595066666666667,2026-04-25T00:10:00Z,13.595066666666666,PUBLISHED_BEFORE_RECORDED_ACTUAL_START,confirmed_prospective,0042500173,First Round,LAL-HOU,3,LAL,HOU,LAL,LAL,True,False,False,True,
RF2026-015,c-248957578,https://substack.com/@markbarnekow/note/c-248957578,2026-04-25T13:59:47.718000Z,2026-04-25T17:00:00Z,180.20469999999997,2026-04-25T17:07:00Z,187.20469999999997,PUBLISHED_BEFORE_RECORDED_ACTUAL_START,confirmed_prospective,0042500103,First Round,DET-ORL,3,DET,ORL,DET,DET,False,False,False,True,
RF2026-016,c-248969156,https://substack.com/@markbarnekow/note/c-248969156,2026-04-25T14:25:15.681000Z,2026-04-25T22:00:00Z,454.73865,2026-04-25T22:13:00Z,467.73865,PUBLISHED_BEFORE_RECORDED_ACTUAL_START,confirmed_prospective,0042500124,First Round,NYK-ATL,4,NYK,ATL,NYK,NYK,True,False,True,True,
RF2026-017,c-248963694,https://substack.com/@markbarnekow/note/c-248963694,2026-04-25T14:13:25.139000Z,2026-04-25T19:30:00Z,316.5810166666667,2026-04-25T19:38:00Z,324.5810166666667,PUBLISHED_BEFORE_RECORDED_ACTUAL_START,confirmed_prospective,0042500143,First Round,OKC-PHX,3,OKC,PHX,OKC,OKC,True,False,False,True,
RF2026-018,c-249663993,https://substack.com/@markbarnekow/note/c-249663993,2026-04-26T22:53:22.270000Z,2026-04-26T23:00:00Z,6.628833333333334,2026-04-26T23:07:00Z,13.628833333333334,PUBLISHED_BEFORE_RECORDED_ACTUAL_START,confirmed_prospective,0042500114,First Round,BOS-PHI,4,BOS,PHI,BOS,BOS,True,False,False,True,
RF2026-019,c-249458426,https://substack.com/@markbarnekow/note/c-249458426,2026-04-26T15:13:52.466000Z,2026-04-26T19:30:00Z,256.12556666666666,2026-04-26T19:50:00Z,276.12556666666666,PUBLISHED_BEFORE_RECORDED_ACTUAL_START,confirmed_prospective,0042500154,First Round,SAS-POR,4,SAS,POR,SAS,SAS,True,True,False,True,
RF2026-020,c-249685227,https://substack.com/@markbarnekow/note/c-249685227,2026-04-26T23:52:48.042000Z,2026-04-27T01:30:00Z,97.1993,2026-04-27T01:44:00Z,111.1993,PUBLISHED_BEFORE_RECORDED_ACTUAL_START,confirmed_prospective,0042500174,First Round,LAL-HOU,4,LAL,HOU,LAL,LAL,False,False,False,True,
RF2026-021,c-250194939,https://substack.com/@markbarnekow/note/c-250194939,2026-04-27T23:12:23.082000Z,2026-04-28T00:00:00Z,47.615300000000005,2026-04-28T00:08:00Z,55.615300000000005,PUBLISHED_BEFORE_RECORDED_ACTUAL_START,confirmed_prospective,0042500104,First Round,DET-ORL,4,DET,ORL,DET,DET,False,False,False,True,
RF2026-022,c-250229444,https://substack.com/@markbarnekow/note/c-250229444,2026-04-28T00:45:08.299000Z,2026-04-28T01:30:00Z,44.86168333333333,2026-04-28T01:44:00Z,58.86168333333333,PUBLISHED_BEFORE_RECORDED_ACTUAL_START,confirmed_prospective,0042500144,First Round,OKC-PHX,4,OKC,PHX,OKC,OKC,True,False,False,True,
RF2026-023,c-250728526,https://substack.com/@markbarnekow/note/c-250728526,2026-04-28T22:49:45.770000Z,2026-04-28T23:00:00Z,10.237166666666667,2026-04-28T23:14:00Z,24.237166666666667,PUBLISHED_BEFORE_RECORDED_ACTUAL_START,confirmed_prospective,0042500115,First Round,BOS-PHI,5,PHI,BOS,BOS,BOS,False,False,False,True,
RF2026-024,c-250746978,https://substack.com/@markbarnekow/note/c-250746978,2026-04-28T23:37:41.580000Z,2026-04-29T00:00:00Z,22.307000000000002,2026-04-29T00:14:00Z,36.307,PUBLISHED_BEFORE_RECORDED_ACTUAL_START,confirmed_prospective,0042500125,First Round,NYK-ATL,5,ATL,NYK,NYK,NYK,True,False,False,True,
RF2026-025,c-250753143,https://substack.com/@markbarnekow/note/c-250753143,2026-04-28T23:54:02.691000Z,2026-04-29T01:30:00Z,95.95515,2026-04-29T01:49:00Z,114.95515,PUBLISHED_BEFORE_RECORDED_ACTUAL_START,confirmed_prospective,0042500155,First Round,SAS-POR,5,POR,SAS,SAS,SAS,True,False,False,True,
RF2026-026,c-251253999,https://substack.com/@markbarnekow/note/c-251253999,2026-04-29T22:05:52.197000Z,2026-04-29T23:00:00Z,54.13005,2026-04-29T23:10:00Z,64.13005,PUBLISHED_BEFORE_RECORDED_ACTUAL_START,confirmed_prospective,0042500105,First Round,DET-ORL,5,ORL,DET,DET,DET,True,False,False,True,
RF2026-027,c-251266408,https://substack.com/@markbarnekow/note/c-251266408,2026-04-29T22:34:17.255000Z,2026-04-30T02:00:00Z,205.71241666666668,2026-04-30T02:19:00Z,224.71241666666668,PUBLISHED_BEFORE_RECORDED_ACTUAL_START,confirmed_prospective,0042500175,First Round,LAL-HOU,5,HOU,LAL,LAL,LAL,False,False,False,True,
RF2026-028,c-251814143,https://substack.com/@markbarnekow/note/c-251814143,2026-04-30T22:48:33.960000Z,2026-05-01T00:00:00Z,71.434,2026-05-01T00:14:00Z,85.434,PUBLISHED_BEFORE_RECORDED_ACTUAL_START,confirmed_prospective,0042500116,First Round,BOS-PHI,6,BOS,PHI,BOS,BOS,False,False,True,True,
RF2026-029,c-251807532,https://substack.com/@markbarnekow/note/c-251807532,2026-04-30T22:31:34.551000Z,2026-04-30T23:00:00Z,28.42415,2026-04-30T23:13:00Z,41.424150000000004,PUBLISHED_BEFORE_RECORDED_ACTUAL_START,confirmed_prospective,0042500126,First Round,NYK-ATL,6,NYK,ATL,NYK,NYK,True,False,False,True,
RF2026-030,c-252320322,https://substack.com/@markbarnekow/note/c-252320322,2026-05-01T22:15:24.475000Z,2026-05-01T23:00:00Z,44.592083333333335,2026-05-01T23:10:00Z,54.592083333333335,PUBLISHED_BEFORE_RECORDED_ACTUAL_START,confirmed_prospective,0042500106,First Round,DET-ORL,6,DET,ORL,DET,DET,True,False,False,True,
RF2026-031,c-252325571,https://substack.com/@markbarnekow/note/c-252325571,2026-05-01T22:28:31.195000Z,2026-05-02T01:30:00Z,181.48008333333334,2026-05-02T01:49:00Z,200.48008333333334,PUBLISHED_BEFORE_RECORDED_ACTUAL_START,confirmed_prospective,0042500176,First Round,LAL-HOU,6,LAL,HOU,HOU,HOU,False,False,False,True,
RF2026-032,c-252800863,https://substack.com/@markbarnekow/note/c-252800863,2026-05-02T22:27:54.830000Z,2026-05-02T23:30:00Z,62.08616666666667,2026-05-02T23:37:00Z,69.08616666666667,PUBLISHED_BEFORE_RECORDED_ACTUAL_START,confirmed_prospective,0042500117,First Round,BOS-PHI,7,PHI,BOS,PHI,PHI,True,False,False,True,
RF2026-033,c-252993763,https://substack.com/@markbarnekow/note/c-252993763,2026-05-03T11:42:40.350000Z,2026-05-03T19:30:00Z,467.32750000000004,2026-05-03T19:42:00Z,479.32750000000004,PUBLISHED_BEFORE_RECORDED_ACTUAL_START,confirmed_prospective,0042500107,First Round,DET-ORL,7,ORL,DET,DET,DET,True,False,False,True,
RF2026-034,c-253796252,https://substack.com/@markbarnekow/note/c-253796252,2026-05-04T22:22:24.864000Z,2026-05-05T00:00:00Z,97.58560000000001,2026-05-05T00:14:00Z,111.58560000000001,PUBLISHED_BEFORE_RECORDED_ACTUAL_START,confirmed_prospective,0042500211,Conference Semifinals,NYK-PHI,1,PHI,NYK,NYK,NYK,True,False,False,True,
RF2026-035,c-253800609,https://substack.com/@markbarnekow/note/c-253800609,2026-05-04T22:32:13.471000Z,2026-05-05T01:30:00Z,177.77548333333334,2026-05-05T01:44:00Z,191.77548333333334,PUBLISHED_BEFORE_RECORDED_ACTUAL_START,confirmed_prospective,0042500231,Conference Semifinals,SAS-MIN,1,MIN,SAS,SAS,SAS,False,False,False,True,
RF2026-036,c-254084561,https://substack.com/@markbarnekow/note/c-254084561,2026-05-05T13:59:43.936000Z,2026-05-05T23:00:00Z,540.2677333333334,2026-05-05T23:10:00Z,550.2677333333334,PUBLISHED_BEFORE_RECORDED_ACTUAL_START,confirmed_prospective,0042500201,Conference Semifinals,DET-CLE,1,CLE,DET,DET,DET,True,False,False,True,
RF2026-037,c-254086197,https://substack.com/@markbarnekow/note/c-254086197,2026-05-05T14:02:54.906000Z,2026-05-06T00:30:00Z,627.0849,2026-05-06T00:43:00Z,640.0849,PUBLISHED_BEFORE_RECORDED_ACTUAL_START,confirmed_prospective,0042500221,Conference Semifinals,OKC-LAL,1,LAL,OKC,OKC,OKC,True,False,False,True,
RF2026-038,c-254646873,https://substack.com/@markbarnekow/note/c-254646873,2026-05-06T14:31:32.711000Z,2026-05-06T23:00:00Z,508.45481666666666,2026-05-06T23:14:00Z,522.4548166666667,PUBLISHED_BEFORE_RECORDED_ACTUAL_START,confirmed_prospective,0042500212,Conference Semifinals,NYK-PHI,2,PHI,NYK,NYK,NYK,True,False,False,True,
RF2026-039,c-254651818,https://substack.com/@markbarnekow/note/c-254651818,2026-05-06T14:40:50.486000Z,2026-05-07T01:30:00Z,649.1585666666667,2026-05-07T01:49:00Z,668.1585666666667,PUBLISHED_BEFORE_RECORDED_ACTUAL_START,confirmed_prospective,0042500232,Conference Semifinals,SAS-MIN,2,MIN,SAS,SAS,SAS,True,False,False,True,
RF2026-040,c-255428705,https://substack.com/@markbarnekow/note/c-255428705,2026-05-07T22:32:56.094000Z,2026-05-07T23:00:00Z,27.065099999999997,2026-05-07T23:12:00Z,39.0651,PUBLISHED_BEFORE_RECORDED_ACTUAL_START,confirmed_prospective,0042500202,Conference Semifinals,DET-CLE,2,CLE,DET,DET,DET,True,False,False,True,
RF2026-041,c-255436676,https://substack.com/@markbarnekow/note/c-255436676,2026-05-07T22:53:34.150000Z,2026-05-08T01:30:00Z,156.43083333333334,2026-05-08T01:46:00Z,172.43083333333334,PUBLISHED_BEFORE_RECORDED_ACTUAL_START,confirmed_prospective,0042500222,Conference Semifinals,OKC-LAL,2,LAL,OKC,OKC,OKC,True,False,False,True,
RF2026-042,c-255646983,https://substack.com/@markbarnekow/note/c-255646983,2026-05-08T10:24:54.206000Z,2026-05-08T23:00:00Z,755.0965666666667,2026-05-08T23:12:00Z,767.0965666666667,PUBLISHED_BEFORE_RECORDED_ACTUAL_START,confirmed_prospective,0042500213,Conference Semifinals,NYK-PHI,3,NYK,PHI,NYK,NYK,True,False,False,True,
RF2026-043,c-255651118,https://substack.com/@markbarnekow/note/c-255651118,2026-05-08T10:38:40.074000Z,2026-05-09T01:30:00Z,891.3321,2026-05-09T01:49:00Z,910.3321,PUBLISHED_BEFORE_RECORDED_ACTUAL_START,confirmed_prospective,0042500233,Conference Semifinals,SAS-MIN,3,SAS,MIN,SAS,SAS,True,False,False,True,
RF2026-044,c-256493386,https://substack.com/@markbarnekow/note/c-256493386,2026-05-09T23:23:06.443000Z,2026-05-10T00:30:00Z,66.89261666666667,2026-05-10T00:42:00Z,78.89261666666667,PUBLISHED_BEFORE_RECORDED_ACTUAL_START,confirmed_prospective,0042500223,Conference Semifinals,OKC-LAL,3,OKC,LAL,OKC,OKC,True,False,False,True,
RF2026-045,c-256676789,https://substack.com/@markbarnekow/note/c-256676789,2026-05-10T11:41:56.844000Z,2026-05-10T19:30:00Z,468.0526,2026-05-10T19:41:00Z,479.0526,PUBLISHED_BEFORE_RECORDED_ACTUAL_START,confirmed_prospective,0042500214,Conference Semifinals,NYK-PHI,4,NYK,PHI,NO_CONTROL_CALL,NYK,True,False,False,True,
RF2026-046,c-256682847,https://substack.com/@markbarnekow/note/c-256682847,2026-05-10T11:59:53.918000Z,2026-05-10T23:30:00Z,690.1013666666666,2026-05-10T23:43:00Z,703.1013666666666,PUBLISHED_BEFORE_RECORDED_ACTUAL_START,confirmed_prospective,0042500234,Conference Semifinals,SAS-MIN,4,SAS,MIN,SAS,SAS,False,False,False,True,
RF2026-047,c-257256614,https://substack.com/@markbarnekow/note/c-257256614,2026-05-11T14:35:46.764000Z,2026-05-12T00:00:00Z,564.2206,2026-05-12T00:12:00Z,576.2206,PUBLISHED_BEFORE_RECORDED_ACTUAL_START,confirmed_prospective,0042500204,Conference Semifinals,DET-CLE,4,DET,CLE,DET,DET,False,False,False,True,
RF2026-048,c-257263987,https://substack.com/@markbarnekow/note/c-257263987,2026-05-11T14:49:14.248000Z,2026-05-12T02:30:00Z,700.7625333333333,2026-05-12T02:48:00Z,718.7625333333333,PUBLISHED_BEFORE_RECORDED_ACTUAL_START,confirmed_prospective,0042500224,Conference Semifinals,OKC-LAL,4,OKC,LAL,OKC,OKC,True,False,False,True,
RF2026-049,c-258074436,https://substack.com/@markbarnekow/note/c-258074436,2026-05-12T22:57:55.004000Z,2026-05-13T00:00:00Z,62.08326666666667,2026-05-13T00:14:00Z,76.08326666666667,PUBLISHED_BEFORE_RECORDED_ACTUAL_START,confirmed_prospective,0042500235,Conference Semifinals,SAS-MIN,5,MIN,SAS,SAS,SAS,True,False,False,True,
RF2026-050,c-258647626,https://substack.com/@markbarnekow/note/c-258647626,2026-05-13T23:20:12.966000Z,2026-05-14T00:00:00Z,39.7839,2026-05-14T00:15:00Z,54.7839,PUBLISHED_BEFORE_RECORDED_ACTUAL_START,confirmed_prospective,0042500205,Conference Semifinals,DET-CLE,5,CLE,DET,DET,DET,False,False,False,True,
RF2026-051,c-259734277,https://substack.com/@markbarnekow/note/c-259734277,2026-05-15T22:19:48.233000Z,2026-05-15T23:00:00Z,40.19611666666666,2026-05-15T23:12:00Z,52.19611666666666,PUBLISHED_BEFORE_RECORDED_ACTUAL_START,confirmed_prospective,0042500206,Conference Semifinals,DET-CLE,6,DET,CLE,CLE,CLE,False,False,False,True,
RF2026-052,c-259742830,https://substack.com/@markbarnekow/note/c-259742830,2026-05-15T22:40:03.871000Z,2026-05-16T01:30:00Z,169.93548333333334,2026-05-16T01:49:00Z,188.93548333333334,PUBLISHED_BEFORE_RECORDED_ACTUAL_START,confirmed_prospective,0042500236,Conference Semifinals,SAS-MIN,6,SAS,MIN,SAS,SAS,True,False,False,True,
RF2026-053,c-260726412,https://substack.com/@markbarnekow/note/c-260726412,2026-05-17T22:50:54.918000Z,2026-05-18T00:00:00Z,69.08470000000001,2026-05-18T00:15:00Z,84.08470000000001,PUBLISHED_BEFORE_RECORDED_ACTUAL_START,confirmed_prospective,0042500207,Conference Semifinals,DET-CLE,7,CLE,DET,DET,DET,False,False,False,True,
RF2026-054,c-261288609,https://substack.com/@markbarnekow/note/c-261288609,2026-05-18T22:58:14.455000Z,2026-05-19T00:30:00Z,91.75908333333334,2026-05-19T00:38:00Z,99.75908333333334,PUBLISHED_BEFORE_RECORDED_ACTUAL_START,confirmed_prospective,0042500311,Conference Finals,SAS-OKC,1,SAS,OKC,OKC,OKC,False,False,False,True,
RF2026-056,c-262463628,https://substack.com/@markbarnekow/note/c-262463628,2026-05-20T22:48:48.208000Z,2026-05-21T00:30:00Z,101.19653333333333,2026-05-21T00:37:00Z,108.19653333333333,PUBLISHED_BEFORE_RECORDED_ACTUAL_START,confirmed_prospective,0042500312,Conference Finals,SAS-OKC,2,SAS,OKC,OKC,OKC,True,False,False,True,
RF2026-057,c-263034483,https://substack.com/@markbarnekow/note/c-263034483,2026-05-21T22:37:59.885000Z,2026-05-22T00:00:00Z,82.00191666666666,2026-05-22T00:14:00Z,96.00191666666666,PUBLISHED_BEFORE_RECORDED_ACTUAL_START,confirmed_prospective,0042500302,Conference Finals,NYK-CLE,2,CLE,NYK,NYK,NYK,True,False,False,True,
RF2026-058,c-263355746,https://substack.com/@markbarnekow/note/c-263355746,2026-05-22T14:42:49.239000Z,2026-05-23T00:30:00Z,587.17935,2026-05-23T00:37:00Z,594.17935,PUBLISHED_BEFORE_RECORDED_ACTUAL_START,confirmed_prospective,0042500313,Conference Finals,SAS-OKC,3,OKC,SAS,OKC,OKC,True,False,False,True,
RF2026-059,c-264002697,https://substack.com/@markbarnekow/note/c-264002697,2026-05-23T18:58:31.324000Z,2026-05-24T00:00:00Z,301.47793333333334,2026-05-24T00:14:00Z,315.47793333333334,PUBLISHED_BEFORE_RECORDED_ACTUAL_START,confirmed_prospective,0042500303,Conference Finals,NYK-CLE,3,NYK,CLE,NYK,NYK,True,False,False,True,
RF2026-060,c-264534053,https://substack.com/@markbarnekow/note/c-264534053,2026-05-24T20:16:06.431000Z,2026-05-25T00:00:00Z,223.89281666666665,2026-05-25T00:13:00Z,236.89281666666665,PUBLISHED_BEFORE_RECORDED_ACTUAL_START,confirmed_prospective,0042500314,Conference Finals,SAS-OKC,4,OKC,SAS,OKC,OKC,False,False,False,True,
RF2026-061,c-264790040,https://substack.com/@markbarnekow/note/c-264790040,2026-05-25T10:31:16.830000Z,2026-05-26T00:00:00Z,808.7194999999999,2026-05-26T00:14:00Z,822.7194999999999,PUBLISHED_BEFORE_RECORDED_ACTUAL_START,confirmed_prospective,0042500304,Conference Finals,NYK-CLE,4,NYK,CLE,NYK,NYK,True,False,False,True,
RF2026-062,c-265654508,https://substack.com/@markbarnekow/note/c-265654508,2026-05-26T21:19:55.324000Z,2026-05-27T00:30:00Z,190.07793333333333,2026-05-27T00:37:00Z,197.07793333333333,PUBLISHED_BEFORE_RECORDED_ACTUAL_START,confirmed_prospective,0042500315,Conference Finals,SAS-OKC,5,SAS,OKC,OKC,OKC,True,False,False,True,
RF2026-063,c-266765802,https://substack.com/@markbarnekow/note/c-266765802,2026-05-28T20:13:56.920000Z,2026-05-29T00:30:00Z,256.05133333333333,2026-05-29T00:37:00Z,263.05133333333333,PUBLISHED_BEFORE_RECORDED_ACTUAL_START,confirmed_prospective,0042500316,Conference Finals,SAS-OKC,6,OKC,SAS,OKC,OKC,False,False,False,True,
RF2026-064,c-267665161,https://substack.com/@markbarnekow/note/c-267665161,2026-05-30T13:53:16.964000Z,2026-05-31T00:00:00Z,606.7172666666667,2026-05-31T00:17:00Z,623.7172666666667,PUBLISHED_BEFORE_RECORDED_ACTUAL_START,confirmed_prospective,0042500317,Conference Finals,SAS-OKC,7,SAS,OKC,SAS,SAS,True,False,False,True,
RF2026-065,c-269585991,https://substack.com/@markbarnekow/note/c-269585991,2026-06-02T23:06:39.294000Z,2026-06-04T00:30:00Z,1523.3451,2026-06-04T00:45:00Z,1538.3451,PUBLISHED_BEFORE_RECORDED_ACTUAL_START,confirmed_prospective,0042500401,NBA Finals,NYK-SAS,1,NYK,SAS,NYK,NYK,True,False,False,True,
RF2026-066,c-270738458,https://substack.com/@markbarnekow/note/c-270738458,2026-06-04T21:44:27.011000Z,2026-06-06T00:30:00Z,1605.5498166666666,2026-06-06T00:44:00Z,1619.5498166666666,PUBLISHED_BEFORE_RECORDED_ACTUAL_START,confirmed_prospective,0042500402,NBA Finals,NYK-SAS,2,NYK,SAS,NYK,NYK,True,False,True,True,
RF2026-067,c-272545790,https://substack.com/@markbarnekow/note/c-272545790,2026-06-08T08:56:03.197000Z,2026-06-09T00:30:00Z,933.9467166666667,2026-06-09T00:45:00Z,948.9467166666667,PUBLISHED_BEFORE_RECORDED_ACTUAL_START,confirmed_prospective,0042500403,NBA Finals,NYK-SAS,3,SAS,NYK,NYK,NYK,False,False,False,True,
RF2026-068,c-274135408,https://substack.com/@markbarnekow/note/c-274135408,2026-06-10T22:44:05.476000Z,2026-06-11T00:30:00Z,105.90873333333334,2026-06-11T00:44:00Z,119.90873333333334,PUBLISHED_BEFORE_RECORDED_ACTUAL_START,confirmed_prospective,0042500404,NBA Finals,NYK-SAS,4,SAS,NYK,NYK,NYK,True,False,False,True,
RF2026-069,c-275443042,https://substack.com/@markbarnekow/note/c-275443042,2026-06-13T05:59:52.727000Z,2026-06-14T00:30:00Z,1110.1212166666667,2026-06-14T00:44:00Z,1124.1212166666667,PUBLISHED_BEFORE_RECORDED_ACTUAL_START,confirmed_prospective,0042500405,NBA Finals,NYK-SAS,5,NYK,SAS,NYK,NYK,True,False,False,True,
