nba_game_id,series_id,round_number,series_game_number,team_a,team_b,matchup,regulation_control_result,binary_control_accuracy_eligible,adjudicability_status,team_a_control_share,team_b_control_share,timing_eligible,explicit_call_eligible,categorical_eligible,continuous_eligible,forecast_control_team_tricode,categorical_correct,forecast_team_share,opponent_share,signed_regulation_control_share_margin,home_always_correct,higher_seed_always_correct,edited_note_flag
0042500101,DET-ORL,1,1,ORL,DET,ORL @ DET,TEAM_B_CONTROL,true,DETERMINATE,0.358974,0.415385,true,true,true,true,DET,true,0.415385,0.358974,0.05641099999999999,true,true,true
0042500111,BOS-PHI,1,1,PHI,BOS,PHI @ BOS,TEAM_B_CONTROL,true,DETERMINATE,0.209581,0.526946,true,true,true,true,BOS,true,0.526946,0.209581,0.317365,true,true,false
0042500141,OKC-PHX,1,1,PHX,OKC,PHX @ OKC,TEAM_B_CONTROL,true,DETERMINATE,0.154321,0.648148,true,true,true,true,OKC,true,0.648148,0.154321,0.4938269999999999,true,true,false
0042500151,SAS-POR,1,1,POR,SAS,POR @ SAS,INDETERMINATE,false,INDETERMINATE,0.449735,0.391534,true,true,false,true,SAS,,0.391534,0.449735,-0.058201,false,,true
0042500122,NYK-ATL,1,2,ATL,NYK,ATL @ NYK,INDETERMINATE,false,INDETERMINATE,0.308108,0.351351,true,true,false,true,NYK,,0.351351,0.308108,0.04324300000000003,false,,false
0042500112,BOS-PHI,1,2,PHI,BOS,PHI @ BOS,TEAM_A_CONTROL,true,DETERMINATE,0.428571,0.297143,true,true,true,true,BOS,false,0.297143,0.428571,-0.131428,false,false,true
0042500152,SAS-POR,1,2,POR,SAS,POR @ SAS,TEAM_A_CONTROL,true,DETERMINATE,0.471503,0.300518,true,true,true,true,SAS,false,0.300518,0.471503,-0.170985,false,false,false
0042500172,LAL-HOU,1,2,HOU,LAL,HOU @ LAL,INDETERMINATE,false,INDETERMINATE,0.39548,0.519774,true,true,false,true,HOU,,0.39548,0.519774,-0.12429399999999996,false,,false
0042500102,DET-ORL,1,2,ORL,DET,ORL @ DET,INDETERMINATE,false,INDETERMINATE,0.382653,0.443878,true,true,false,true,DET,,0.443878,0.382653,0.061224999999999974,false,,false
0042500142,OKC-PHX,1,2,PHX,OKC,PHX @ OKC,TEAM_B_CONTROL,true,DETERMINATE,0.219388,0.443878,true,true,true,true,OKC,true,0.443878,0.219388,0.22449,true,true,false
0042500123,NYK-ATL,1,3,NYK,ATL,NYK @ ATL,INDETERMINATE,false,INDETERMINATE,0.355,0.345,true,true,false,true,NYK,,0.355,0.345,0.010000000000000009,false,,false
0042500113,BOS-PHI,1,3,BOS,PHI,BOS @ PHI,TEAM_B_CONTROL,true,DETERMINATE,0.186441,0.367232,true,true,true,true,BOS,false,0.186441,0.367232,-0.180791,true,false,false
0042500153,SAS-POR,1,3,SAS,POR,SAS @ POR,INDETERMINATE,false,INDETERMINATE,0.381443,0.386598,true,true,false,true,SAS,,0.381443,0.386598,-0.005155000000000021,false,,false
0042500173,LAL-HOU,1,3,LAL,HOU,LAL @ HOU,TEAM_B_CONTROL,true,DETERMINATE,0.248649,0.497297,true,true,true,true,LAL,false,0.248649,0.497297,-0.24864799999999998,true,false,false
0042500103,DET-ORL,1,3,DET,ORL,DET @ ORL,TEAM_B_CONTROL,true,DETERMINATE,0.319372,0.471204,true,true,true,true,DET,false,0.319372,0.471204,-0.15183200000000002,true,false,false
0042500124,NYK-ATL,1,4,NYK,ATL,NYK @ ATL,TEAM_A_CONTROL,true,DETERMINATE,0.462766,0.329787,true,true,true,true,NYK,true,0.462766,0.329787,0.132979,false,true,false
0042500143,OKC-PHX,1,3,OKC,PHX,OKC @ PHX,TEAM_A_CONTROL,true,DETERMINATE,0.479381,0.386598,true,true,true,true,OKC,true,0.479381,0.386598,0.092783,false,true,false
0042500114,BOS-PHI,1,4,BOS,PHI,BOS @ PHI,INDETERMINATE,false,INDETERMINATE,0.302469,0.339506,true,true,false,true,BOS,,0.302469,0.339506,-0.03703699999999999,false,,false
0042500154,SAS-POR,1,4,SAS,POR,SAS @ POR,TEAM_A_CONTROL,true,DETERMINATE,0.430769,0.287179,true,true,true,true,SAS,true,0.430769,0.287179,0.14359,false,true,true
0042500174,LAL-HOU,1,4,LAL,HOU,LAL @ HOU,TEAM_B_CONTROL,true,DETERMINATE,0.230769,0.544379,true,true,true,true,LAL,false,0.230769,0.544379,-0.31360999999999994,true,false,false
0042500104,DET-ORL,1,4,DET,ORL,DET @ ORL,INDETERMINATE,false,INDETERMINATE,0.412371,0.407216,true,true,false,true,DET,,0.412371,0.407216,0.005154999999999965,false,,false
0042500144,OKC-PHX,1,4,OKC,PHX,OKC @ PHX,INDETERMINATE,false,INDETERMINATE,0.352632,0.368421,true,true,false,true,OKC,,0.352632,0.368421,-0.015788999999999997,false,,false
0042500115,BOS-PHI,1,5,PHI,BOS,PHI @ BOS,TEAM_A_CONTROL,true,DETERMINATE,0.567568,0.275676,true,true,true,true,BOS,false,0.275676,0.567568,-0.291892,false,false,false
0042500125,NYK-ATL,1,5,ATL,NYK,ATL @ NYK,TEAM_B_CONTROL,true,DETERMINATE,0.154321,0.450617,true,true,true,true,NYK,true,0.450617,0.154321,0.296296,true,true,false
0042500155,SAS-POR,1,5,POR,SAS,POR @ SAS,INDETERMINATE,false,INDETERMINATE,0.383784,0.416216,true,true,false,true,SAS,,0.416216,0.383784,0.03243199999999996,false,,false
0042500105,DET-ORL,1,5,ORL,DET,ORL @ DET,TEAM_B_CONTROL,true,DETERMINATE,0.240838,0.465969,true,true,true,true,DET,true,0.465969,0.240838,0.22513100000000003,true,true,false
0042500175,LAL-HOU,1,5,HOU,LAL,HOU @ LAL,TEAM_A_CONTROL,true,DETERMINATE,0.530726,0.312849,true,true,true,true,LAL,false,0.312849,0.530726,-0.21787700000000004,false,false,false
0042500116,BOS-PHI,1,6,BOS,PHI,BOS @ PHI,TEAM_B_CONTROL,true,DETERMINATE,0.316327,0.454082,true,true,true,true,BOS,false,0.316327,0.454082,-0.13775499999999996,true,false,false
0042500126,NYK-ATL,1,6,NYK,ATL,NYK @ ATL,TEAM_A_CONTROL,true,DETERMINATE,0.691429,0.228571,true,true,true,true,NYK,true,0.691429,0.228571,0.462858,false,true,false
0042500106,DET-ORL,1,6,DET,ORL,DET @ ORL,INDETERMINATE,false,INDETERMINATE,0.41954,0.41954,true,true,false,true,DET,,0.41954,0.41954,0.0,false,,false
0042500176,LAL-HOU,1,6,LAL,HOU,LAL @ HOU,TEAM_A_CONTROL,true,DETERMINATE,0.428571,0.086957,true,true,true,true,HOU,false,0.086957,0.428571,-0.341614,false,true,false
0042500117,BOS-PHI,1,7,PHI,BOS,PHI @ BOS,INDETERMINATE,false,INDETERMINATE,0.336898,0.379679,true,true,false,true,PHI,,0.336898,0.379679,-0.04278100000000001,false,,false
0042500107,DET-ORL,1,7,ORL,DET,ORL @ DET,TEAM_B_CONTROL,true,DETERMINATE,0.333333,0.4,true,true,true,true,DET,true,0.4,0.333333,0.06666700000000003,true,true,false
0042500211,NYK-PHI,2,1,PHI,NYK,PHI @ NYK,TEAM_B_CONTROL,true,DETERMINATE,0.302326,0.575581,true,true,true,true,NYK,true,0.575581,0.302326,0.273255,true,true,false
0042500231,SAS-MIN,2,1,MIN,SAS,MIN @ SAS,TEAM_A_CONTROL,true,DETERMINATE,0.471204,0.225131,true,true,true,true,SAS,false,0.225131,0.471204,-0.24607300000000001,false,false,false
0042500201,DET-CLE,2,1,CLE,DET,CLE @ DET,TEAM_B_CONTROL,true,DETERMINATE,0.315508,0.427807,true,true,true,true,DET,true,0.427807,0.315508,0.11229899999999998,true,true,false
0042500221,OKC-LAL,2,1,LAL,OKC,LAL @ OKC,TEAM_B_CONTROL,true,DETERMINATE,0.237838,0.535135,true,true,true,true,OKC,true,0.535135,0.237838,0.29729700000000003,true,true,false
0042500212,NYK-PHI,2,2,PHI,NYK,PHI @ NYK,TEAM_B_CONTROL,true,DETERMINATE,0.208556,0.406417,true,true,true,true,NYK,true,0.406417,0.208556,0.19786099999999998,true,true,false
0042500232,SAS-MIN,2,2,MIN,SAS,MIN @ SAS,TEAM_B_CONTROL,true,DETERMINATE,0.225131,0.565445,true,true,true,true,SAS,true,0.565445,0.225131,0.340314,true,true,false
0042500202,DET-CLE,2,2,CLE,DET,CLE @ DET,INDETERMINATE,false,INDETERMINATE,0.39548,0.293785,true,true,false,true,DET,,0.293785,0.39548,-0.10169499999999998,false,,false
0042500222,OKC-LAL,2,2,LAL,OKC,LAL @ OKC,TEAM_B_CONTROL,true,DETERMINATE,0.285714,0.634921,true,true,true,true,OKC,true,0.634921,0.285714,0.34920699999999993,true,true,false
0042500213,NYK-PHI,2,3,NYK,PHI,NYK @ PHI,TEAM_A_CONTROL,true,DETERMINATE,0.391304,0.282609,true,true,true,true,NYK,true,0.391304,0.282609,0.10869499999999999,false,true,false
0042500233,SAS-MIN,2,3,SAS,MIN,SAS @ MIN,INDETERMINATE,false,INDETERMINATE,0.415,0.315,true,true,false,true,SAS,,0.415,0.315,0.09999999999999998,false,,false
0042500223,OKC-LAL,2,3,OKC,LAL,OKC @ LAL,TEAM_A_CONTROL,true,DETERMINATE,0.605882,0.088235,true,true,true,true,OKC,true,0.605882,0.088235,0.5176470000000001,false,true,false
0042500214,NYK-PHI,2,4,NYK,PHI,NYK @ PHI,TEAM_A_CONTROL,true,DETERMINATE,0.584337,0.096386,true,false,false,false,NO_CONTROL_CALL,,,,,false,true,false
0042500234,SAS-MIN,2,4,SAS,MIN,SAS @ MIN,INDETERMINATE,false,INDETERMINATE,0.35533,0.375635,true,true,false,true,SAS,,0.35533,0.375635,-0.020305000000000017,false,,false
0042500204,DET-CLE,2,4,DET,CLE,DET @ CLE,INDETERMINATE,false,INDETERMINATE,0.383784,0.427027,true,true,false,true,DET,,0.383784,0.427027,-0.043242999999999976,false,,false
0042500224,OKC-LAL,2,4,OKC,LAL,OKC @ LAL,TEAM_A_CONTROL,true,DETERMINATE,0.59375,0.239583,true,true,true,true,OKC,true,0.59375,0.239583,0.354167,false,true,false
0042500235,SAS-MIN,2,5,MIN,SAS,MIN @ SAS,TEAM_B_CONTROL,true,DETERMINATE,0.322917,0.463542,true,true,true,true,SAS,true,0.463542,0.322917,0.140625,true,true,false
0042500205,DET-CLE,2,5,CLE,DET,CLE @ DET,TEAM_B_CONTROL,true,DETERMINATE,0.309942,0.444444,true,true,true,true,DET,true,0.444444,0.309942,0.134502,true,true,false
0042500206,DET-CLE,2,6,DET,CLE,DET @ CLE,TEAM_A_CONTROL,true,DETERMINATE,0.432432,0.367568,true,true,true,true,CLE,false,0.367568,0.432432,-0.06486399999999998,false,true,false
0042500236,SAS-MIN,2,6,SAS,MIN,SAS @ MIN,TEAM_A_CONTROL,true,DETERMINATE,0.516304,0.309783,true,true,true,true,SAS,true,0.516304,0.309783,0.206521,false,true,false
0042500207,DET-CLE,2,7,CLE,DET,CLE @ DET,TEAM_A_CONTROL,true,DETERMINATE,0.526946,0.161677,true,true,true,true,DET,false,0.161677,0.526946,-0.36526900000000007,false,false,false
0042500311,SAS-OKC,3,1,SAS,OKC,SAS @ OKC,TEAM_A_CONTROL,true,DETERMINATE,0.423913,0.282609,true,true,true,true,OKC,false,0.282609,0.423913,-0.14130399999999999,false,false,false
0042500312,SAS-OKC,3,2,SAS,OKC,SAS @ OKC,TEAM_B_CONTROL,true,DETERMINATE,0.212435,0.445596,true,true,true,true,OKC,true,0.445596,0.212435,0.23316099999999998,true,true,false
0042500302,NYK-CLE,3,2,CLE,NYK,CLE @ NYK,INDETERMINATE,false,INDETERMINATE,0.325714,0.32,true,true,false,true,NYK,,0.32,0.325714,-0.005713999999999997,false,,false
0042500313,SAS-OKC,3,3,OKC,SAS,OKC @ SAS,INDETERMINATE,false,INDETERMINATE,0.305699,0.435233,true,true,false,true,OKC,,0.305699,0.435233,-0.12953399999999998,false,,false
0042500303,NYK-CLE,3,3,NYK,CLE,NYK @ CLE,TEAM_A_CONTROL,true,DETERMINATE,0.46114,0.222798,true,true,true,true,NYK,true,0.46114,0.222798,0.238342,false,true,false
0042500314,SAS-OKC,3,4,OKC,SAS,OKC @ SAS,TEAM_B_CONTROL,true,DETERMINATE,0.251309,0.439791,true,true,true,true,OKC,false,0.251309,0.439791,-0.18848199999999998,true,false,false
0042500304,NYK-CLE,3,4,NYK,CLE,NYK @ CLE,TEAM_A_CONTROL,true,DETERMINATE,0.556818,0.244318,true,true,true,true,NYK,true,0.556818,0.244318,0.3125,false,true,false
0042500315,SAS-OKC,3,5,SAS,OKC,SAS @ OKC,TEAM_B_CONTROL,true,DETERMINATE,0.247525,0.50495,true,true,true,true,OKC,true,0.50495,0.247525,0.257425,true,true,false
0042500316,SAS-OKC,3,6,OKC,SAS,OKC @ SAS,INDETERMINATE,false,INDETERMINATE,0.339181,0.315789,true,true,false,true,OKC,,0.339181,0.315789,0.023392000000000024,false,,false
0042500317,SAS-OKC,3,7,SAS,OKC,SAS @ OKC,TEAM_B_CONTROL,true,DETERMINATE,0.333333,0.42623,true,true,true,true,SAS,false,0.333333,0.42623,-0.09289700000000001,true,true,false
0042500401,NYK-SAS,4,1,NYK,SAS,NYK @ SAS,TEAM_A_CONTROL,true,DETERMINATE,0.546875,0.286458,true,true,true,true,NYK,true,0.546875,0.286458,0.260417,false,false,false
0042500402,NYK-SAS,4,2,NYK,SAS,NYK @ SAS,INDETERMINATE,false,INDETERMINATE,0.329897,0.345361,true,true,false,true,NYK,,0.329897,0.345361,-0.015463999999999978,false,,false
0042500403,NYK-SAS,4,3,SAS,NYK,SAS @ NYK,TEAM_A_CONTROL,true,DETERMINATE,0.538043,0.282609,true,true,true,true,NYK,false,0.282609,0.538043,-0.25543400000000005,false,true,false
0042500404,NYK-SAS,4,4,SAS,NYK,SAS @ NYK,TEAM_B_CONTROL,true,DETERMINATE,0.289617,0.502732,true,true,true,true,NYK,true,0.502732,0.289617,0.21311499999999994,true,false,false
0042500405,NYK-SAS,4,5,NYK,SAS,NYK @ SAS,INDETERMINATE,false,INDETERMINATE,0.421348,0.393258,true,true,false,true,NYK,,0.421348,0.393258,0.028090000000000004,false,,false
