forecast_id,note_id,canonical_note_url,published_at_utc,nba_game_id,nba_game_url,gamebook_url,scheduled_tipoff_utc,actual_start_utc,tipoff_verification_status,local_only_validation
RF2026-001,c-245839479,https://substack.com/@markbarnekow/note/c-245839479,2026-04-19T14:32:31.733000Z,0042500101,https://www.nba.com/game/orl-vs-det-0042500101,https://statsdmz.nba.com/pdfs/20260419/20260419_ORLDET_book.pdf,2026-04-19T22:30:00Z,2026-04-19T22:38:00Z,verified,URLs recorded from frozen ledger; not accessed during this local validation.
RF2026-002,c-245779220,https://substack.com/@markbarnekow/note/c-245779220,2026-04-19T12:01:41.329000Z,0042500111,https://www.nba.com/game/phi-vs-bos-0042500111,https://statsdmz.nba.com/pdfs/20260419/20260419_PHIBOS_book.pdf,2026-04-19T17:00:00Z,2026-04-19T17:11:00Z,verified,URLs recorded from frozen ledger; not accessed during this local validation.
RF2026-003,c-245833291,https://substack.com/@markbarnekow/note/c-245833291,2026-04-19T14:19:15.126000Z,0042500141,https://www.nba.com/game/phx-vs-okc-0042500141,https://statsdmz.nba.com/pdfs/20260419/20260419_PHXOKC_book.pdf,2026-04-19T19:30:00Z,2026-04-19T19:47:00Z,verified,URLs recorded from frozen ledger; not accessed during this local validation.
RF2026-004,c-245851198,https://substack.com/@markbarnekow/note/c-245851198,2026-04-19T14:57:10.369000Z,0042500151,https://www.nba.com/game/por-vs-sas-0042500151,https://statsdmz.nba.com/pdfs/20260419/20260419_PORSAS_book.pdf,2026-04-20T01:00:00Z,2026-04-20T01:18:00Z,verified,URLs recorded from frozen ledger; not accessed during this local validation.
RF2026-005,c-246596146,https://substack.com/@markbarnekow/note/c-246596146,2026-04-20T23:37:01.558000Z,0042500122,https://www.nba.com/game/atl-vs-nyk-0042500122,https://statsdmz.nba.com/pdfs/20260420/20260420_ATLNYK_book.pdf,2026-04-21T00:00:00Z,2026-04-21T00:10:00Z,verified,URLs recorded from frozen ledger; not accessed during this local validation.
RF2026-006,c-247097964,https://substack.com/@markbarnekow/note/c-247097964,2026-04-21T22:04:06.441000Z,0042500112,https://www.nba.com/game/phi-vs-bos-0042500112,https://statsdmz.nba.com/pdfs/20260421/20260421_PHIBOS_book.pdf,2026-04-21T23:00:00Z,2026-04-21T23:13:00Z,verified,URLs recorded from frozen ledger; not accessed during this local validation.
RF2026-007,c-247112061,https://substack.com/@markbarnekow/note/c-247112061,2026-04-21T22:37:09.341000Z,0042500152,https://www.nba.com/game/por-vs-sas-0042500152,https://statsdmz.nba.com/pdfs/20260421/20260421_PORSAS_book.pdf,2026-04-22T00:00:00Z,2026-04-22T00:07:00Z,verified,URLs recorded from frozen ledger; not accessed during this local validation.
RF2026-008,c-247124924,https://substack.com/@markbarnekow/note/c-247124924,2026-04-21T23:10:15.604000Z,0042500172,https://www.nba.com/game/hou-vs-lal-0042500172,https://statsdmz.nba.com/pdfs/20260421/20260421_HOULAL_book.pdf,2026-04-22T02:30:00Z,2026-04-22T02:48:00Z,verified,URLs recorded from frozen ledger; not accessed during this local validation.
RF2026-009,c-247675603,https://substack.com/@markbarnekow/note/c-247675603,2026-04-22T22:30:42.830000Z,0042500102,https://www.nba.com/game/orl-vs-det-0042500102,https://statsdmz.nba.com/pdfs/20260422/20260422_ORLDET_book.pdf,2026-04-22T23:00:00Z,2026-04-22T23:14:00Z,verified,URLs recorded from frozen ledger; not accessed during this local validation.
RF2026-010,c-247683188,https://substack.com/@markbarnekow/note/c-247683188,2026-04-22T22:50:18.412000Z,0042500142,https://www.nba.com/game/phx-vs-okc-0042500142,https://statsdmz.nba.com/pdfs/20260422/20260422_PHXOKC_book.pdf,2026-04-23T01:30:00Z,2026-04-23T01:48:00Z,verified,URLs recorded from frozen ledger; not accessed during this local validation.
RF2026-011,c-248198111,https://substack.com/@markbarnekow/note/c-248198111,2026-04-23T22:13:53.479000Z,0042500123,https://www.nba.com/game/nyk-vs-atl-0042500123,https://statsdmz.nba.com/pdfs/20260423/20260423_NYKATL_book.pdf,2026-04-23T23:00:00Z,2026-04-23T23:11:00Z,verified,URLs recorded from frozen ledger; not accessed during this local validation.
RF2026-012,c-248724656,https://substack.com/@markbarnekow/note/c-248724656,2026-04-24T22:49:49.497000Z,0042500113,https://www.nba.com/game/bos-vs-phi-0042500113,https://statsdmz.nba.com/pdfs/20260424/20260424_BOSPHI_book.pdf,2026-04-24T23:00:00Z,2026-04-24T23:13:00Z,verified,URLs recorded from frozen ledger; not accessed during this local validation.
RF2026-013,c-248795137,https://substack.com/@markbarnekow/note/c-248795137,2026-04-25T02:35:29.464000Z,0042500153,https://www.nba.com/game/sas-vs-por-0042500153,https://statsdmz.nba.com/pdfs/20260424/20260424_SASPOR_book.pdf,2026-04-25T02:30:00Z,2026-04-25T02:49:00Z,verified,URLs recorded from frozen ledger; not accessed during this local validation.
RF2026-014,c-248748173,https://substack.com/@markbarnekow/note/c-248748173,2026-04-24T23:56:24.296000Z,0042500173,https://www.nba.com/game/lal-vs-hou-0042500173,https://statsdmz.nba.com/pdfs/20260424/20260424_LALHOU_book.pdf,2026-04-25T00:00:00Z,2026-04-25T00:10:00Z,verified,URLs recorded from frozen ledger; not accessed during this local validation.
RF2026-015,c-248957578,https://substack.com/@markbarnekow/note/c-248957578,2026-04-25T13:59:47.718000Z,0042500103,https://www.nba.com/game/det-vs-orl-0042500103,https://statsdmz.nba.com/pdfs/20260425/20260425_DETORL_book.pdf,2026-04-25T17:00:00Z,2026-04-25T17:07:00Z,verified,URLs recorded from frozen ledger; not accessed during this local validation.
RF2026-016,c-248969156,https://substack.com/@markbarnekow/note/c-248969156,2026-04-25T14:25:15.681000Z,0042500124,https://www.nba.com/game/nyk-vs-atl-0042500124,https://statsdmz.nba.com/pdfs/20260425/20260425_NYKATL_book.pdf,2026-04-25T22:00:00Z,2026-04-25T22:13:00Z,verified,URLs recorded from frozen ledger; not accessed during this local validation.
RF2026-017,c-248963694,https://substack.com/@markbarnekow/note/c-248963694,2026-04-25T14:13:25.139000Z,0042500143,https://www.nba.com/game/okc-vs-phx-0042500143,https://statsdmz.nba.com/pdfs/20260425/20260425_OKCPHX_book.pdf,2026-04-25T19:30:00Z,2026-04-25T19:38:00Z,verified,URLs recorded from frozen ledger; not accessed during this local validation.
RF2026-018,c-249663993,https://substack.com/@markbarnekow/note/c-249663993,2026-04-26T22:53:22.270000Z,0042500114,https://www.nba.com/game/bos-vs-phi-0042500114,https://statsdmz.nba.com/pdfs/20260426/20260426_BOSPHI_book.pdf,2026-04-26T23:00:00Z,2026-04-26T23:07:00Z,verified,URLs recorded from frozen ledger; not accessed during this local validation.
RF2026-019,c-249458426,https://substack.com/@markbarnekow/note/c-249458426,2026-04-26T15:13:52.466000Z,0042500154,https://www.nba.com/game/sas-vs-por-0042500154,https://statsdmz.nba.com/pdfs/20260426/20260426_SASPOR_book.pdf,2026-04-26T19:30:00Z,2026-04-26T19:50:00Z,verified,URLs recorded from frozen ledger; not accessed during this local validation.
RF2026-020,c-249685227,https://substack.com/@markbarnekow/note/c-249685227,2026-04-26T23:52:48.042000Z,0042500174,https://www.nba.com/game/lal-vs-hou-0042500174,https://statsdmz.nba.com/pdfs/20260426/20260426_LALHOU_book.pdf,2026-04-27T01:30:00Z,2026-04-27T01:44:00Z,verified,URLs recorded from frozen ledger; not accessed during this local validation.
RF2026-021,c-250194939,https://substack.com/@markbarnekow/note/c-250194939,2026-04-27T23:12:23.082000Z,0042500104,https://www.nba.com/game/det-vs-orl-0042500104,https://statsdmz.nba.com/pdfs/20260427/20260427_DETORL_book.pdf,2026-04-28T00:00:00Z,2026-04-28T00:08:00Z,verified,URLs recorded from frozen ledger; not accessed during this local validation.
RF2026-022,c-250229444,https://substack.com/@markbarnekow/note/c-250229444,2026-04-28T00:45:08.299000Z,0042500144,https://www.nba.com/game/okc-vs-phx-0042500144,https://statsdmz.nba.com/pdfs/20260427/20260427_OKCPHX_book.pdf,2026-04-28T01:30:00Z,2026-04-28T01:44:00Z,verified,URLs recorded from frozen ledger; not accessed during this local validation.
RF2026-023,c-250728526,https://substack.com/@markbarnekow/note/c-250728526,2026-04-28T22:49:45.770000Z,0042500115,https://www.nba.com/game/phi-vs-bos-0042500115,https://statsdmz.nba.com/pdfs/20260428/20260428_PHIBOS_book.pdf,2026-04-28T23:00:00Z,2026-04-28T23:14:00Z,verified,URLs recorded from frozen ledger; not accessed during this local validation.
RF2026-024,c-250746978,https://substack.com/@markbarnekow/note/c-250746978,2026-04-28T23:37:41.580000Z,0042500125,https://www.nba.com/game/atl-vs-nyk-0042500125,https://statsdmz.nba.com/pdfs/20260428/20260428_ATLNYK_book.pdf,2026-04-29T00:00:00Z,2026-04-29T00:14:00Z,verified,URLs recorded from frozen ledger; not accessed during this local validation.
RF2026-025,c-250753143,https://substack.com/@markbarnekow/note/c-250753143,2026-04-28T23:54:02.691000Z,0042500155,https://www.nba.com/game/por-vs-sas-0042500155,https://statsdmz.nba.com/pdfs/20260428/20260428_PORSAS_book.pdf,2026-04-29T01:30:00Z,2026-04-29T01:49:00Z,verified,URLs recorded from frozen ledger; not accessed during this local validation.
RF2026-026,c-251253999,https://substack.com/@markbarnekow/note/c-251253999,2026-04-29T22:05:52.197000Z,0042500105,https://www.nba.com/game/orl-vs-det-0042500105,https://statsdmz.nba.com/pdfs/20260429/20260429_ORLDET_book.pdf,2026-04-29T23:00:00Z,2026-04-29T23:10:00Z,verified,URLs recorded from frozen ledger; not accessed during this local validation.
RF2026-027,c-251266408,https://substack.com/@markbarnekow/note/c-251266408,2026-04-29T22:34:17.255000Z,0042500175,https://www.nba.com/game/hou-vs-lal-0042500175,https://statsdmz.nba.com/pdfs/20260429/20260429_HOULAL_book.pdf,2026-04-30T02:00:00Z,2026-04-30T02:19:00Z,verified,URLs recorded from frozen ledger; not accessed during this local validation.
RF2026-028,c-251814143,https://substack.com/@markbarnekow/note/c-251814143,2026-04-30T22:48:33.960000Z,0042500116,https://www.nba.com/game/bos-vs-phi-0042500116,https://statsdmz.nba.com/pdfs/20260430/20260430_BOSPHI_book.pdf,2026-05-01T00:00:00Z,2026-05-01T00:14:00Z,verified,URLs recorded from frozen ledger; not accessed during this local validation.
RF2026-029,c-251807532,https://substack.com/@markbarnekow/note/c-251807532,2026-04-30T22:31:34.551000Z,0042500126,https://www.nba.com/game/nyk-vs-atl-0042500126,https://statsdmz.nba.com/pdfs/20260430/20260430_NYKATL_book.pdf,2026-04-30T23:00:00Z,2026-04-30T23:13:00Z,verified,URLs recorded from frozen ledger; not accessed during this local validation.
RF2026-030,c-252320322,https://substack.com/@markbarnekow/note/c-252320322,2026-05-01T22:15:24.475000Z,0042500106,https://www.nba.com/game/det-vs-orl-0042500106,https://statsdmz.nba.com/pdfs/20260501/20260501_DETORL_book.pdf,2026-05-01T23:00:00Z,2026-05-01T23:10:00Z,verified,URLs recorded from frozen ledger; not accessed during this local validation.
RF2026-031,c-252325571,https://substack.com/@markbarnekow/note/c-252325571,2026-05-01T22:28:31.195000Z,0042500176,https://www.nba.com/game/lal-vs-hou-0042500176,https://statsdmz.nba.com/pdfs/20260501/20260501_LALHOU_book.pdf,2026-05-02T01:30:00Z,2026-05-02T01:49:00Z,verified,URLs recorded from frozen ledger; not accessed during this local validation.
RF2026-032,c-252800863,https://substack.com/@markbarnekow/note/c-252800863,2026-05-02T22:27:54.830000Z,0042500117,https://www.nba.com/game/phi-vs-bos-0042500117,https://statsdmz.nba.com/pdfs/20260502/20260502_PHIBOS_book.pdf,2026-05-02T23:30:00Z,2026-05-02T23:37:00Z,verified,URLs recorded from frozen ledger; not accessed during this local validation.
RF2026-033,c-252993763,https://substack.com/@markbarnekow/note/c-252993763,2026-05-03T11:42:40.350000Z,0042500107,https://www.nba.com/game/orl-vs-det-0042500107,https://statsdmz.nba.com/pdfs/20260503/20260503_ORLDET_book.pdf,2026-05-03T19:30:00Z,2026-05-03T19:42:00Z,verified,URLs recorded from frozen ledger; not accessed during this local validation.
RF2026-034,c-253796252,https://substack.com/@markbarnekow/note/c-253796252,2026-05-04T22:22:24.864000Z,0042500211,https://www.nba.com/game/phi-vs-nyk-0042500211,https://statsdmz.nba.com/pdfs/20260504/20260504_PHINYK_book.pdf,2026-05-05T00:00:00Z,2026-05-05T00:14:00Z,verified,URLs recorded from frozen ledger; not accessed during this local validation.
RF2026-035,c-253800609,https://substack.com/@markbarnekow/note/c-253800609,2026-05-04T22:32:13.471000Z,0042500231,https://www.nba.com/game/min-vs-sas-0042500231,https://statsdmz.nba.com/pdfs/20260504/20260504_MINSAS_book.pdf,2026-05-05T01:30:00Z,2026-05-05T01:44:00Z,verified,URLs recorded from frozen ledger; not accessed during this local validation.
RF2026-036,c-254084561,https://substack.com/@markbarnekow/note/c-254084561,2026-05-05T13:59:43.936000Z,0042500201,https://www.nba.com/game/cle-vs-det-0042500201,https://statsdmz.nba.com/pdfs/20260505/20260505_CLEDET_book.pdf,2026-05-05T23:00:00Z,2026-05-05T23:10:00Z,verified,URLs recorded from frozen ledger; not accessed during this local validation.
RF2026-037,c-254086197,https://substack.com/@markbarnekow/note/c-254086197,2026-05-05T14:02:54.906000Z,0042500221,https://www.nba.com/game/lal-vs-okc-0042500221,https://statsdmz.nba.com/pdfs/20260505/20260505_LALOKC_book.pdf,2026-05-06T00:30:00Z,2026-05-06T00:43:00Z,verified,URLs recorded from frozen ledger; not accessed during this local validation.
RF2026-038,c-254646873,https://substack.com/@markbarnekow/note/c-254646873,2026-05-06T14:31:32.711000Z,0042500212,https://www.nba.com/game/phi-vs-nyk-0042500212,https://statsdmz.nba.com/pdfs/20260506/20260506_PHINYK_book.pdf,2026-05-06T23:00:00Z,2026-05-06T23:14:00Z,verified,URLs recorded from frozen ledger; not accessed during this local validation.
RF2026-039,c-254651818,https://substack.com/@markbarnekow/note/c-254651818,2026-05-06T14:40:50.486000Z,0042500232,https://www.nba.com/game/min-vs-sas-0042500232,https://statsdmz.nba.com/pdfs/20260506/20260506_MINSAS_book.pdf,2026-05-07T01:30:00Z,2026-05-07T01:49:00Z,verified,URLs recorded from frozen ledger; not accessed during this local validation.
RF2026-040,c-255428705,https://substack.com/@markbarnekow/note/c-255428705,2026-05-07T22:32:56.094000Z,0042500202,https://www.nba.com/game/cle-vs-det-0042500202,https://statsdmz.nba.com/pdfs/20260507/20260507_CLEDET_book.pdf,2026-05-07T23:00:00Z,2026-05-07T23:12:00Z,verified,URLs recorded from frozen ledger; not accessed during this local validation.
RF2026-041,c-255436676,https://substack.com/@markbarnekow/note/c-255436676,2026-05-07T22:53:34.150000Z,0042500222,https://www.nba.com/game/lal-vs-okc-0042500222,https://statsdmz.nba.com/pdfs/20260507/20260507_LALOKC_book.pdf,2026-05-08T01:30:00Z,2026-05-08T01:46:00Z,verified,URLs recorded from frozen ledger; not accessed during this local validation.
RF2026-042,c-255646983,https://substack.com/@markbarnekow/note/c-255646983,2026-05-08T10:24:54.206000Z,0042500213,https://www.nba.com/game/nyk-vs-phi-0042500213,https://statsdmz.nba.com/pdfs/20260508/20260508_NYKPHI_book.pdf,2026-05-08T23:00:00Z,2026-05-08T23:12:00Z,verified,URLs recorded from frozen ledger; not accessed during this local validation.
RF2026-043,c-255651118,https://substack.com/@markbarnekow/note/c-255651118,2026-05-08T10:38:40.074000Z,0042500233,https://www.nba.com/game/sas-vs-min-0042500233,https://statsdmz.nba.com/pdfs/20260508/20260508_SASMIN_book.pdf,2026-05-09T01:30:00Z,2026-05-09T01:49:00Z,verified,URLs recorded from frozen ledger; not accessed during this local validation.
RF2026-044,c-256493386,https://substack.com/@markbarnekow/note/c-256493386,2026-05-09T23:23:06.443000Z,0042500223,https://www.nba.com/game/okc-vs-lal-0042500223,https://statsdmz.nba.com/pdfs/20260509/20260509_OKCLAL_book.pdf,2026-05-10T00:30:00Z,2026-05-10T00:42:00Z,verified,URLs recorded from frozen ledger; not accessed during this local validation.
RF2026-045,c-256676789,https://substack.com/@markbarnekow/note/c-256676789,2026-05-10T11:41:56.844000Z,0042500214,https://www.nba.com/game/nyk-vs-phi-0042500214,https://statsdmz.nba.com/pdfs/20260510/20260510_NYKPHI_book.pdf,2026-05-10T19:30:00Z,2026-05-10T19:41:00Z,verified,URLs recorded from frozen ledger; not accessed during this local validation.
RF2026-046,c-256682847,https://substack.com/@markbarnekow/note/c-256682847,2026-05-10T11:59:53.918000Z,0042500234,https://www.nba.com/game/sas-vs-min-0042500234,https://statsdmz.nba.com/pdfs/20260510/20260510_SASMIN_book.pdf,2026-05-10T23:30:00Z,2026-05-10T23:43:00Z,verified,URLs recorded from frozen ledger; not accessed during this local validation.
RF2026-047,c-257256614,https://substack.com/@markbarnekow/note/c-257256614,2026-05-11T14:35:46.764000Z,0042500204,https://www.nba.com/game/det-vs-cle-0042500204,https://statsdmz.nba.com/pdfs/20260511/20260511_DETCLE_book.pdf,2026-05-12T00:00:00Z,2026-05-12T00:12:00Z,verified,URLs recorded from frozen ledger; not accessed during this local validation.
RF2026-048,c-257263987,https://substack.com/@markbarnekow/note/c-257263987,2026-05-11T14:49:14.248000Z,0042500224,https://www.nba.com/game/okc-vs-lal-0042500224,https://statsdmz.nba.com/pdfs/20260511/20260511_OKCLAL_book.pdf,2026-05-12T02:30:00Z,2026-05-12T02:48:00Z,verified,URLs recorded from frozen ledger; not accessed during this local validation.
RF2026-049,c-258074436,https://substack.com/@markbarnekow/note/c-258074436,2026-05-12T22:57:55.004000Z,0042500235,https://www.nba.com/game/min-vs-sas-0042500235,https://statsdmz.nba.com/pdfs/20260512/20260512_MINSAS_book.pdf,2026-05-13T00:00:00Z,2026-05-13T00:14:00Z,verified,URLs recorded from frozen ledger; not accessed during this local validation.
RF2026-050,c-258647626,https://substack.com/@markbarnekow/note/c-258647626,2026-05-13T23:20:12.966000Z,0042500205,https://www.nba.com/game/cle-vs-det-0042500205,https://statsdmz.nba.com/pdfs/20260513/20260513_CLEDET_book.pdf,2026-05-14T00:00:00Z,2026-05-14T00:15:00Z,verified,URLs recorded from frozen ledger; not accessed during this local validation.
RF2026-051,c-259734277,https://substack.com/@markbarnekow/note/c-259734277,2026-05-15T22:19:48.233000Z,0042500206,https://www.nba.com/game/det-vs-cle-0042500206,https://statsdmz.nba.com/pdfs/20260515/20260515_DETCLE_book.pdf,2026-05-15T23:00:00Z,2026-05-15T23:12:00Z,verified,URLs recorded from frozen ledger; not accessed during this local validation.
RF2026-052,c-259742830,https://substack.com/@markbarnekow/note/c-259742830,2026-05-15T22:40:03.871000Z,0042500236,https://www.nba.com/game/sas-vs-min-0042500236,https://statsdmz.nba.com/pdfs/20260515/20260515_SASMIN_book.pdf,2026-05-16T01:30:00Z,2026-05-16T01:49:00Z,verified,URLs recorded from frozen ledger; not accessed during this local validation.
RF2026-053,c-260726412,https://substack.com/@markbarnekow/note/c-260726412,2026-05-17T22:50:54.918000Z,0042500207,https://www.nba.com/game/cle-vs-det-0042500207,https://statsdmz.nba.com/pdfs/20260517/20260517_CLEDET_book.pdf,2026-05-18T00:00:00Z,2026-05-18T00:15:00Z,verified,URLs recorded from frozen ledger; not accessed during this local validation.
RF2026-054,c-261288609,https://substack.com/@markbarnekow/note/c-261288609,2026-05-18T22:58:14.455000Z,0042500311,https://www.nba.com/game/sas-vs-okc-0042500311,https://statsdmz.nba.com/pdfs/20260518/20260518_SASOKC_book.pdf,2026-05-19T00:30:00Z,2026-05-19T00:38:00Z,verified,URLs recorded from frozen ledger; not accessed during this local validation.
RF2026-056,c-262463628,https://substack.com/@markbarnekow/note/c-262463628,2026-05-20T22:48:48.208000Z,0042500312,https://www.nba.com/game/sas-vs-okc-0042500312,https://statsdmz.nba.com/pdfs/20260520/20260520_SASOKC_book.pdf,2026-05-21T00:30:00Z,2026-05-21T00:37:00Z,verified,URLs recorded from frozen ledger; not accessed during this local validation.
RF2026-057,c-263034483,https://substack.com/@markbarnekow/note/c-263034483,2026-05-21T22:37:59.885000Z,0042500302,https://www.nba.com/game/cle-vs-nyk-0042500302,https://statsdmz.nba.com/pdfs/20260521/20260521_CLENYK_book.pdf,2026-05-22T00:00:00Z,2026-05-22T00:14:00Z,verified,URLs recorded from frozen ledger; not accessed during this local validation.
RF2026-058,c-263355746,https://substack.com/@markbarnekow/note/c-263355746,2026-05-22T14:42:49.239000Z,0042500313,https://www.nba.com/game/okc-vs-sas-0042500313,https://statsdmz.nba.com/pdfs/20260522/20260522_OKCSAS_book.pdf,2026-05-23T00:30:00Z,2026-05-23T00:37:00Z,verified,URLs recorded from frozen ledger; not accessed during this local validation.
RF2026-059,c-264002697,https://substack.com/@markbarnekow/note/c-264002697,2026-05-23T18:58:31.324000Z,0042500303,https://www.nba.com/game/nyk-vs-cle-0042500303,https://statsdmz.nba.com/pdfs/20260523/20260523_NYKCLE_book.pdf,2026-05-24T00:00:00Z,2026-05-24T00:14:00Z,verified,URLs recorded from frozen ledger; not accessed during this local validation.
RF2026-060,c-264534053,https://substack.com/@markbarnekow/note/c-264534053,2026-05-24T20:16:06.431000Z,0042500314,https://www.nba.com/game/okc-vs-sas-0042500314,https://statsdmz.nba.com/pdfs/20260524/20260524_OKCSAS_book.pdf,2026-05-25T00:00:00Z,2026-05-25T00:13:00Z,verified,URLs recorded from frozen ledger; not accessed during this local validation.
RF2026-061,c-264790040,https://substack.com/@markbarnekow/note/c-264790040,2026-05-25T10:31:16.830000Z,0042500304,https://www.nba.com/game/nyk-vs-cle-0042500304,https://statsdmz.nba.com/pdfs/20260525/20260525_NYKCLE_book.pdf,2026-05-26T00:00:00Z,2026-05-26T00:14:00Z,verified,URLs recorded from frozen ledger; not accessed during this local validation.
RF2026-062,c-265654508,https://substack.com/@markbarnekow/note/c-265654508,2026-05-26T21:19:55.324000Z,0042500315,https://www.nba.com/game/sas-vs-okc-0042500315,https://statsdmz.nba.com/pdfs/20260526/20260526_SASOKC_book.pdf,2026-05-27T00:30:00Z,2026-05-27T00:37:00Z,verified,URLs recorded from frozen ledger; not accessed during this local validation.
RF2026-063,c-266765802,https://substack.com/@markbarnekow/note/c-266765802,2026-05-28T20:13:56.920000Z,0042500316,https://www.nba.com/game/okc-vs-sas-0042500316,https://statsdmz.nba.com/pdfs/20260528/20260528_OKCSAS_book.pdf,2026-05-29T00:30:00Z,2026-05-29T00:37:00Z,verified,URLs recorded from frozen ledger; not accessed during this local validation.
RF2026-064,c-267665161,https://substack.com/@markbarnekow/note/c-267665161,2026-05-30T13:53:16.964000Z,0042500317,https://www.nba.com/game/sas-vs-okc-0042500317,https://statsdmz.nba.com/pdfs/20260530/20260530_SASOKC_book.pdf,2026-05-31T00:00:00Z,2026-05-31T00:17:00Z,verified,URLs recorded from frozen ledger; not accessed during this local validation.
RF2026-065,c-269585991,https://substack.com/@markbarnekow/note/c-269585991,2026-06-02T23:06:39.294000Z,0042500401,https://www.nba.com/game/nyk-vs-sas-0042500401,https://statsdmz.nba.com/pdfs/20260603/20260603_NYKSAS_book.pdf,2026-06-04T00:30:00Z,2026-06-04T00:45:00Z,verified,URLs recorded from frozen ledger; not accessed during this local validation.
RF2026-066,c-270738458,https://substack.com/@markbarnekow/note/c-270738458,2026-06-04T21:44:27.011000Z,0042500402,https://www.nba.com/game/nyk-vs-sas-0042500402,https://statsdmz.nba.com/pdfs/20260605/20260605_NYKSAS_book.pdf,2026-06-06T00:30:00Z,2026-06-06T00:44:00Z,verified,URLs recorded from frozen ledger; not accessed during this local validation.
RF2026-067,c-272545790,https://substack.com/@markbarnekow/note/c-272545790,2026-06-08T08:56:03.197000Z,0042500403,https://www.nba.com/game/sas-vs-nyk-0042500403,https://statsdmz.nba.com/pdfs/20260608/20260608_SASNYK_book.pdf,2026-06-09T00:30:00Z,2026-06-09T00:45:00Z,verified,URLs recorded from frozen ledger; not accessed during this local validation.
RF2026-068,c-274135408,https://substack.com/@markbarnekow/note/c-274135408,2026-06-10T22:44:05.476000Z,0042500404,https://www.nba.com/game/sas-vs-nyk-0042500404,https://statsdmz.nba.com/pdfs/20260610/20260610_SASNYK_book.pdf,2026-06-11T00:30:00Z,2026-06-11T00:44:00Z,verified,URLs recorded from frozen ledger; not accessed during this local validation.
RF2026-069,c-275443042,https://substack.com/@markbarnekow/note/c-275443042,2026-06-13T05:59:52.727000Z,0042500405,https://www.nba.com/game/nyk-vs-sas-0042500405,https://statsdmz.nba.com/pdfs/20260613/20260613_NYKSAS_book.pdf,2026-06-14T00:30:00Z,2026-06-14T00:44:00Z,verified,URLs recorded from frozen ledger; not accessed during this local validation.
