nba_game_id,series,round,series_game_number,away_team,home_team,away_seed,home_seed,rfactor_forecast_team,official_winner,away_score,home_score,final_margin,cap_team_a,cap_team_b,cap_team_a_control_share,cap_team_b_control_share,signed_control_share_difference_team_a_minus_team_b,absolute_control_share_difference,cap_categorical_controller,cap_determinacy_status,cap_controller_matched_winner,rfactor_matched_cap,rfactor_matched_eventual_winner,home_team_won,higher_seed_team,higher_seed_won,overtime,number_of_overtimes,halftime_margin,lead_changes,largest_lead,home_led_seconds,away_led_seconds,tied_seconds,clutch_game,permanent_winner_lead_fraction,one_possession_game,winner_led_fraction,loser_led_fraction
0042500111,BOS-PHI,1,1,PHI,BOS,7,2,BOS,BOS,91,123,32,PHI,BOS,0.209581,0.526946,-0.317365,0.317365,BOS,DETERMINATE,True,True,True,True,BOS,True,False,0,18,0,35,2839.0,0.0,41.0,False,0.05,False,0.9857638888888889,0.0
0042500112,BOS-PHI,1,2,PHI,BOS,7,2,BOS,PHI,111,97,14,PHI,BOS,0.428571,0.297143,0.131428,0.131428,PHI,DETERMINATE,True,False,False,False,BOS,False,False,0,8,7,16,839.0,1890.0,151.0,False,0.39652777777777776,False,0.65625,0.29131944444444446
0042500113,BOS-PHI,1,3,BOS,PHI,2,7,BOS,BOS,108,100,8,BOS,PHI,0.186441,0.367232,-0.180791,0.180791,PHI,DETERMINATE,False,False,True,False,BOS,True,False,0,7,8,10,476.0,2165.0,239.0,True,0.8527777777777777,False,0.7517361111111112,0.16527777777777777
0042500114,BOS-PHI,1,4,BOS,PHI,2,7,BOS,BOS,128,96,32,BOS,PHI,0.302469,0.339506,-0.03703699999999999,0.03703699999999999,INDETERMINATE,INDETERMINATE,NA,NA,True,False,BOS,True,False,0,18,4,32,28.0,2751.0,101.0,False,0.15625,False,0.9552083333333333,0.009722222222222222
0042500115,BOS-PHI,1,5,PHI,BOS,7,2,BOS,PHI,113,97,16,PHI,BOS,0.567568,0.275676,0.291892,0.291892,PHI,DETERMINATE,True,False,False,False,BOS,False,False,0,7,4,17,1601.0,1212.0,67.0,False,0.7559027777777778,False,0.42083333333333334,0.5559027777777777
0042500116,BOS-PHI,1,6,BOS,PHI,2,7,BOS,PHI,93,106,13,BOS,PHI,0.316327,0.454082,-0.13775499999999996,0.13775499999999996,PHI,DETERMINATE,True,False,False,True,BOS,False,False,0,9,8,23,2482.0,235.1,162.9,False,0.3548611111111111,False,0.8618055555555556,0.08163194444444444
0042500117,BOS-PHI,1,7,PHI,BOS,7,2,PHI,PHI,109,100,9,PHI,BOS,0.336898,0.379679,-0.04278100000000001,0.04278100000000001,INDETERMINATE,INDETERMINATE,NA,NA,True,False,BOS,False,False,0,5,2,18,31.0,2830.0,19.0,True,0.36770833333333336,False,0.9826388888888888,0.010763888888888889
0042500101,DET-ORL,1,1,ORL,DET,8,1,DET,ORL,112,101,11,ORL,DET,0.358974,0.415385,-0.05641099999999999,0.05641099999999999,DET,DETERMINATE,False,True,False,False,DET,False,False,0,4,0,13,0.0,2796.0,84.0,False,0.6104166666666667,False,0.9708333333333333,0.0
0042500102,DET-ORL,1,2,ORL,DET,8,1,DET,DET,83,98,15,ORL,DET,0.382653,0.443878,-0.061224999999999974,0.061224999999999974,INDETERMINATE,INDETERMINATE,NA,NA,True,True,DET,True,False,0,0,4,27,2644.3,44.0,191.7,False,0.5076388888888889,False,0.9181597222222223,0.015277777777777777
0042500103,DET-ORL,1,3,DET,ORL,1,8,DET,ORL,105,113,8,DET,ORL,0.319372,0.471204,-0.15183200000000002,0.15183200000000002,ORL,DETERMINATE,True,False,False,True,DET,False,False,0,7,12,17,2271.0,301.1,307.9,True,0.9479166666666666,False,0.7885416666666667,0.10454861111111112
0042500104,DET-ORL,1,4,DET,ORL,1,8,DET,ORL,88,94,6,DET,ORL,0.412371,0.407216,0.005154999999999965,0.005154999999999965,INDETERMINATE,INDETERMINATE,NA,NA,False,True,DET,False,False,0,2,8,12,2022.0,769.0,89.0,True,0.8975694444444444,False,0.7020833333333333,0.2670138888888889
0042500105,DET-ORL,1,5,ORL,DET,8,1,DET,DET,109,116,7,ORL,DET,0.240838,0.465969,-0.22513100000000003,0.22513100000000003,DET,DETERMINATE,True,True,True,True,DET,True,False,0,6,0,17,2864.0,0.0,16.0,True,0.005555555555555556,False,0.9944444444444445,0.0
0042500106,DET-ORL,1,6,DET,ORL,1,8,DET,DET,93,79,14,DET,ORL,0.41954,0.41954,0.0,0.0,INDETERMINATE,INDETERMINATE,NA,NA,True,False,DET,True,False,0,22,7,24,1984.0,791.0,105.0,True,0.8534722222222222,False,0.2746527777777778,0.6888888888888889
0042500107,DET-ORL,1,7,ORL,DET,8,1,DET,DET,94,116,22,ORL,DET,0.333333,0.4,-0.06666700000000003,0.06666700000000003,DET,DETERMINATE,True,True,True,True,DET,True,False,0,11,12,25,2183.0,455.0,242.0,False,0.4479166666666667,False,0.7579861111111111,0.1579861111111111
0042500172,LAL-HOU,1,2,HOU,LAL,5,4,HOU,LAL,94,101,7,HOU,LAL,0.39548,0.519774,-0.12429399999999996,0.12429399999999996,INDETERMINATE,INDETERMINATE,NA,NA,False,True,LAL,True,False,0,3,7,15,2302.0,461.0,117.0,True,0.5451388888888888,False,0.7993055555555556,0.16006944444444443
0042500173,LAL-HOU,1,3,LAL,HOU,4,5,LAL,LAL,112,108,4,LAL,HOU,0.248649,0.497297,-0.24864799999999998,0.24864799999999998,HOU,DETERMINATE,False,False,True,False,LAL,True,True,1,11,8,15,357.4,2598.0,224.6,True,0.9216981132075471,False,0.8169811320754717,0.11238993710691823
0042500174,LAL-HOU,1,4,LAL,HOU,4,5,LAL,HOU,96,115,19,LAL,HOU,0.230769,0.544379,-0.31360999999999994,0.31360999999999994,HOU,DETERMINATE,True,False,False,True,LAL,False,False,0,9,3,28,2298.0,444.0,138.0,False,0.21458333333333332,False,0.7979166666666667,0.15416666666666667
0042500175,LAL-HOU,1,5,HOU,LAL,5,4,LAL,HOU,99,93,6,HOU,LAL,0.530726,0.312849,0.21787700000000004,0.21787700000000004,HOU,DETERMINATE,True,False,False,False,LAL,False,False,0,4,5,13,897.0,1918.0,65.0,True,0.45694444444444443,False,0.6659722222222222,0.31145833333333334
0042500176,LAL-HOU,1,6,LAL,HOU,4,5,HOU,LAL,98,78,20,LAL,HOU,0.428571,0.086957,0.341614,0.341614,LAL,DETERMINATE,True,False,False,False,LAL,True,False,0,18,5,29,402.0,2461.0,17.0,False,0.15868055555555555,False,0.8545138888888889,0.13958333333333334
0042500122,NYK-ATL,1,2,ATL,NYK,6,3,NYK,ATL,107,106,1,ATL,NYK,0.308108,0.351351,-0.04324300000000003,0.04324300000000003,INDETERMINATE,INDETERMINATE,NA,NA,False,False,NYK,False,False,0,7,3,14,2625.0,94.5,160.5,True,0.9883680555555555,True,0.0328125,0.9114583333333334
0042500123,NYK-ATL,1,3,NYK,ATL,3,6,NYK,ATL,108,109,1,NYK,ATL,0.355,0.345,0.010000000000000009,0.010000000000000009,INDETERMINATE,INDETERMINATE,NA,NA,False,True,NYK,False,False,0,8,5,18,2448.7,304.3,127.0,True,0.9955902777777779,True,0.8502430555555555,0.10565972222222222
0042500124,NYK-ATL,1,4,NYK,ATL,3,6,NYK,NYK,114,98,16,NYK,ATL,0.462766,0.329787,0.132979,0.132979,NYK,DETERMINATE,True,True,True,False,NYK,True,False,0,14,4,24,80.0,2719.0,81.0,False,0.1111111111111111,False,0.9440972222222223,0.027777777777777776
0042500125,NYK-ATL,1,5,ATL,NYK,6,3,NYK,NYK,97,126,29,ATL,NYK,0.154321,0.450617,-0.296296,0.296296,NYK,DETERMINATE,True,True,True,True,NYK,True,False,0,16,1,32,2691.0,85.0,104.0,False,0.06909722222222223,False,0.934375,0.029513888888888888
0042500126,NYK-ATL,1,6,NYK,ATL,3,6,NYK,NYK,140,89,51,NYK,ATL,0.691429,0.228571,0.462858,0.462858,NYK,DETERMINATE,True,True,True,False,NYK,True,False,0,47,2,61,83.0,2761.0,36.0,False,0.08680555555555555,False,0.9586805555555555,0.028819444444444446
0042500141,OKC-PHX,1,1,PHX,OKC,8,1,OKC,OKC,84,119,35,PHX,OKC,0.154321,0.648148,-0.4938269999999999,0.4938269999999999,OKC,DETERMINATE,True,True,True,True,OKC,True,False,0,21,1,39,2617.0,179.0,84.0,False,0.09131944444444444,False,0.9086805555555556,0.06215277777777778
0042500142,OKC-PHX,1,2,PHX,OKC,8,1,OKC,OKC,107,120,13,PHX,OKC,0.219388,0.443878,-0.22449,0.22449,OKC,DETERMINATE,True,True,True,True,OKC,True,False,0,8,9,26,2643.0,140.0,97.0,False,0.265625,False,0.9177083333333333,0.04861111111111111
0042500143,OKC-PHX,1,3,OKC,PHX,1,8,OKC,OKC,121,109,12,OKC,PHX,0.479381,0.386598,0.092783,0.092783,OKC,DETERMINATE,True,True,True,False,OKC,True,False,0,9,6,16,318.0,2494.0,68.0,False,0.4263888888888889,False,0.8659722222222223,0.11041666666666666
0042500144,OKC-PHX,1,4,OKC,PHX,1,8,OKC,OKC,131,122,9,OKC,PHX,0.352632,0.368421,-0.015788999999999997,0.015788999999999997,INDETERMINATE,INDETERMINATE,NA,NA,True,False,OKC,True,False,0,8,9,16,607.0,2113.0,160.0,False,0.45208333333333334,False,0.7336805555555556,0.2107638888888889
0042500151,SAS-POR,1,1,POR,SAS,7,2,SAS,SAS,98,111,13,POR,SAS,0.449735,0.391534,0.058201,0.058201,INDETERMINATE,INDETERMINATE,NA,NA,True,True,SAS,True,False,0,10,6,21,2685.0,100.0,95.0,False,0.10451388888888889,False,0.9322916666666666,0.034722222222222224
0042500152,SAS-POR,1,2,POR,SAS,7,2,SAS,POR,106,103,3,POR,SAS,0.471503,0.300518,0.170985,0.170985,POR,DETERMINATE,True,False,False,False,SAS,False,False,0,0,9,14,1507.9,1092.7,279.4,True,0.9576388888888889,True,0.37940972222222225,0.5235763888888889
0042500153,SAS-POR,1,3,SAS,POR,2,7,SAS,SAS,120,108,12,SAS,POR,0.381443,0.386598,-0.005155000000000021,0.005155000000000021,INDETERMINATE,INDETERMINATE,NA,NA,True,False,SAS,True,False,0,6,9,15,1753.0,852.9,274.1,False,0.8145833333333333,False,0.29614583333333333,0.6086805555555556
0042500154,SAS-POR,1,4,SAS,POR,2,7,SAS,SAS,114,93,21,SAS,POR,0.430769,0.287179,0.14359,0.14359,SAS,DETERMINATE,True,True,True,False,SAS,True,False,0,17,9,21,1687.6,1067.7,124.7,False,0.76875,False,0.37072916666666667,0.5859722222222222
0042500155,SAS-POR,1,5,POR,SAS,7,2,SAS,SAS,95,114,19,POR,SAS,0.383784,0.416216,-0.03243199999999996,0.03243199999999996,INDETERMINATE,INDETERMINATE,NA,NA,True,True,SAS,True,False,0,20,0,28,2847.0,0.0,33.0,False,0.028125,False,0.9885416666666667,0.0
0042500201,DET-CLE,2,1,CLE,DET,4,1,DET,DET,101,111,10,CLE,DET,0.315508,0.427807,-0.11229899999999998,0.11229899999999998,DET,DETERMINATE,True,True,True,True,DET,True,False,0,13,1,18,2625.0,173.0,82.0,True,0.8993055555555556,False,0.9114583333333334,0.060069444444444446
0042500202,DET-CLE,2,2,CLE,DET,4,1,DET,DET,97,107,10,CLE,DET,0.39548,0.293785,0.10169499999999998,0.10169499999999998,INDETERMINATE,INDETERMINATE,NA,NA,True,True,DET,True,False,0,11,3,14,2721.0,43.0,116.0,True,0.7986111111111112,False,0.9447916666666667,0.014930555555555556
0042500204,DET-CLE,2,4,DET,CLE,1,4,DET,CLE,103,112,9,DET,CLE,0.383784,0.427027,-0.043242999999999976,0.043242999999999976,INDETERMINATE,INDETERMINATE,NA,NA,False,True,DET,False,False,0,4,10,21,1795.0,907.0,178.0,False,0.5236111111111111,False,0.6232638888888888,0.31493055555555555
0042500205,DET-CLE,2,5,CLE,DET,4,1,DET,CLE,117,113,4,CLE,DET,0.309942,0.444444,-0.134502,0.134502,DET,DETERMINATE,False,True,False,False,DET,False,True,1,8,11,15,2183.8,753.0,243.2,True,0.9141509433962264,False,0.23679245283018868,0.6867295597484278
0042500206,DET-CLE,2,6,DET,CLE,1,4,CLE,DET,115,94,21,DET,CLE,0.432432,0.367568,0.06486399999999998,0.06486399999999998,DET,DETERMINATE,True,False,False,False,DET,True,False,0,3,5,22,449.3,2292.1,138.6,False,0.24996527777777777,False,0.7958680555555555,0.15600694444444446
0042500207,DET-CLE,2,7,CLE,DET,4,1,DET,CLE,125,94,31,CLE,DET,0.526946,0.161677,0.36526900000000007,0.36526900000000007,CLE,DETERMINATE,True,False,False,False,DET,False,False,0,17,2,35,29.0,2807.0,44.0,False,0.16180555555555556,False,0.9746527777777778,0.010069444444444445
0042500211,NYK-PHI,2,1,PHI,NYK,7,3,NYK,NYK,98,137,39,PHI,NYK,0.302326,0.575581,-0.273255,0.273255,NYK,DETERMINATE,True,True,True,True,NYK,True,False,0,23,10,40,2608.0,142.0,130.0,False,0.16770833333333332,False,0.9055555555555556,0.049305555555555554
0042500212,NYK-PHI,2,2,PHI,NYK,7,3,NYK,NYK,102,108,6,PHI,NYK,0.208556,0.406417,-0.19786099999999998,0.19786099999999998,NYK,DETERMINATE,True,True,True,True,NYK,True,False,0,1,25,7,876.2,1606.8,397.0,True,0.89375,False,0.30423611111111115,0.5579166666666666
0042500213,NYK-PHI,2,3,NYK,PHI,3,7,NYK,NYK,108,94,14,NYK,PHI,0.391304,0.282609,0.10869499999999999,0.10869499999999999,NYK,DETERMINATE,True,True,True,False,NYK,True,False,0,8,1,16,855.0,1940.0,85.0,False,0.3263888888888889,False,0.6736111111111112,0.296875
0042500214,NYK-PHI,2,4,NYK,PHI,3,7,NO_CONTROL_CALL,NYK,144,114,30,NYK,PHI,0.584337,0.096386,0.487951,0.487951,NYK,DETERMINATE,True,NA,NA,False,NYK,True,False,0,24,1,44,21.0,2799.0,60.0,False,0.028125,False,0.971875,0.007291666666666667
0042500221,OKC-LAL,2,1,LAL,OKC,4,1,OKC,OKC,90,108,18,LAL,OKC,0.237838,0.535135,-0.29729700000000003,0.29729700000000003,OKC,DETERMINATE,True,True,True,True,OKC,True,False,0,8,5,21,2268.4,423.0,188.6,False,0.23666666666666666,False,0.7876388888888889,0.146875
0042500222,OKC-LAL,2,2,LAL,OKC,4,1,OKC,OKC,107,125,18,LAL,OKC,0.285714,0.634921,-0.34920699999999993,0.34920699999999993,OKC,DETERMINATE,True,True,True,True,OKC,True,False,0,1,12,20,2314.1,427.9,138.0,False,0.6111111111111112,False,0.8035069444444444,0.14857638888888888
0042500223,OKC-LAL,2,3,OKC,LAL,1,4,OKC,OKC,131,108,23,OKC,LAL,0.605882,0.088235,0.5176470000000001,0.5176470000000001,OKC,DETERMINATE,True,True,True,False,OKC,True,False,0,2,11,27,319.0,2415.9,145.1,False,0.5413194444444445,False,0.8388541666666667,0.11076388888888888
0042500224,OKC-LAL,2,4,OKC,LAL,1,4,OKC,OKC,115,110,5,OKC,LAL,0.59375,0.239583,0.354167,0.354167,OKC,DETERMINATE,True,True,True,False,OKC,True,False,0,4,13,12,783.7,2012.3,84.0,True,0.988611111111111,False,0.6987152777777778,0.27211805555555557
0042500231,SAS-MIN,2,1,MIN,SAS,6,2,SAS,MIN,104,102,2,MIN,SAS,0.471204,0.225131,0.24607300000000001,0.24607300000000001,MIN,DETERMINATE,True,False,False,False,SAS,False,False,0,0,19,9,1205.7,1021.3,653.0,True,0.8461805555555556,True,0.35461805555555553,0.41864583333333333
0042500232,SAS-MIN,2,2,MIN,SAS,6,2,SAS,SAS,95,133,38,MIN,SAS,0.225131,0.565445,-0.340314,0.340314,SAS,DETERMINATE,True,True,True,True,SAS,True,False,0,24,4,47,2761.0,17.0,102.0,False,0.15833333333333333,False,0.9586805555555555,0.005902777777777778
0042500233,SAS-MIN,2,3,SAS,MIN,2,6,SAS,SAS,115,108,7,SAS,MIN,0.415,0.315,0.09999999999999998,0.09999999999999998,INDETERMINATE,INDETERMINATE,NA,NA,True,False,SAS,True,False,0,0,6,15,261.1,2507.7,111.2,True,0.5100694444444445,False,0.8707291666666666,0.09065972222222222
0042500234,SAS-MIN,2,4,SAS,MIN,2,6,SAS,MIN,109,114,5,SAS,MIN,0.35533,0.375635,-0.020305000000000017,0.020305000000000017,INDETERMINATE,INDETERMINATE,NA,NA,False,True,SAS,False,False,0,4,9,9,1271.0,1392.0,217.0,True,0.9368055555555556,False,0.44131944444444443,0.48333333333333334
0042500235,SAS-MIN,2,5,MIN,SAS,6,2,SAS,SAS,97,126,29,MIN,SAS,0.322917,0.463542,-0.140625,0.140625,SAS,DETERMINATE,True,True,True,True,SAS,True,False,0,12,2,30,2802.0,9.0,69.0,False,0.6006944444444444,False,0.9729166666666667,0.003125
0042500236,SAS-MIN,2,6,SAS,MIN,2,6,SAS,SAS,139,109,30,SAS,MIN,0.516304,0.309783,0.206521,0.206521,SAS,DETERMINATE,True,True,True,False,SAS,True,False,0,13,0,37,0.0,2835.0,45.0,False,0.015625,False,0.984375,0.0
0042500302,NYK-CLE,3,2,CLE,NYK,4,3,NYK,NYK,93,109,16,CLE,NYK,0.325714,0.32,0.005713999999999997,0.005713999999999997,INDETERMINATE,INDETERMINATE,NA,NA,True,True,NYK,True,False,0,4,6,19,1942.0,615.7,322.3,False,0.5385416666666667,False,0.6743055555555556,0.21378472222222225
0042500303,NYK-CLE,3,3,NYK,CLE,3,4,NYK,NYK,121,108,13,NYK,CLE,0.46114,0.222798,0.238342,0.238342,NYK,DETERMINATE,True,True,True,False,NYK,True,False,0,6,0,17,0.0,2765.0,115.0,False,0.4152777777777778,False,0.9600694444444444,0.0
0042500304,NYK-CLE,3,4,NYK,CLE,3,4,NYK,NYK,130,93,37,NYK,CLE,0.556818,0.244318,0.3125,0.3125,NYK,DETERMINATE,True,True,True,False,NYK,True,False,0,19,5,45,326.0,2539.0,15.0,False,0.1375,False,0.8815972222222223,0.11319444444444444
0042500311,SAS-OKC,3,1,SAS,OKC,2,1,OKC,SAS,122,115,7,SAS,OKC,0.423913,0.282609,0.14130399999999999,0.14130399999999999,SAS,DETERMINATE,True,False,False,False,OKC,False,True,2,7,10,10,246.5,2830.5,403.0,True,0.9367816091954023,False,0.8133620689655172,0.07083333333333333
0042500312,SAS-OKC,3,2,SAS,OKC,2,1,OKC,OKC,113,122,9,SAS,OKC,0.212435,0.445596,-0.23316099999999998,0.23316099999999998,OKC,DETERMINATE,True,True,True,True,OKC,True,False,0,11,14,13,2295.6,405.6,178.8,True,0.5979166666666667,False,0.7970833333333333,0.14083333333333334
0042500313,SAS-OKC,3,3,OKC,SAS,1,2,OKC,OKC,123,108,15,OKC,SAS,0.305699,0.435233,-0.12953399999999998,0.12953399999999998,INDETERMINATE,INDETERMINATE,NA,NA,True,False,OKC,True,False,0,7,9,18,897.0,1892.0,91.0,False,0.39895833333333336,False,0.6569444444444444,0.31145833333333334
0042500314,SAS-OKC,3,4,OKC,SAS,1,2,OKC,SAS,82,103,21,OKC,SAS,0.251309,0.439791,-0.18848199999999998,0.18848199999999998,SAS,DETERMINATE,True,False,False,True,OKC,False,False,0,12,6,25,2761.0,95.0,24.0,False,0.08715277777777777,False,0.9586805555555555,0.03298611111111111
0042500315,SAS-OKC,3,5,SAS,OKC,2,1,OKC,OKC,114,127,13,SAS,OKC,0.247525,0.50495,-0.257425,0.257425,OKC,DETERMINATE,True,True,True,True,OKC,True,False,0,11,6,20,2255.7,484.8,139.5,False,0.2621527777777778,False,0.7832291666666666,0.16833333333333333
0042500316,SAS-OKC,3,6,OKC,SAS,1,2,OKC,SAS,91,118,27,OKC,SAS,0.339181,0.315789,0.023392000000000024,0.023392000000000024,INDETERMINATE,INDETERMINATE,NA,NA,False,True,OKC,False,False,0,7,0,28,2865.0,0.0,15.0,False,0.005208333333333333,False,0.9947916666666666,0.0
0042500317,SAS-OKC,3,7,SAS,OKC,2,1,SAS,SAS,111,103,8,SAS,OKC,0.333333,0.42623,-0.09289700000000001,0.09289700000000001,OKC,DETERMINATE,False,False,True,False,OKC,False,False,0,3,4,14,98.8,2660.2,121.0,False,0.5927083333333333,False,0.9236805555555555,0.034305555555555554
0042500401,NYK-SAS,4,1,NYK,SAS,3,2,NYK,NYK,105,95,10,NYK,SAS,0.546875,0.286458,0.260417,0.260417,NYK,DETERMINATE,True,True,True,False,SAS,False,False,0,7,10,14,1601.4,1171.0,107.6,True,0.9618055555555556,False,0.4065972222222222,0.5560416666666667
0042500402,NYK-SAS,4,2,NYK,SAS,3,2,NYK,NYK,105,104,1,NYK,SAS,0.329897,0.345361,-0.015463999999999978,0.015463999999999978,INDETERMINATE,INDETERMINATE,NA,NA,True,False,SAS,False,False,0,4,5,14,1352.7,1432.5,94.8,True,0.9967013888888889,True,0.4973958333333333,0.46968750000000004
0042500403,NYK-SAS,4,3,SAS,NYK,2,3,NYK,SAS,115,111,4,SAS,NYK,0.538043,0.282609,0.25543400000000005,0.25543400000000005,SAS,DETERMINATE,True,False,False,False,SAS,True,False,0,7,6,12,462.0,2241.1,176.9,True,0.7383680555555555,False,0.7781597222222222,0.16041666666666668
0042500404,NYK-SAS,4,4,SAS,NYK,2,3,NYK,NYK,106,107,1,SAS,NYK,0.289617,0.502732,-0.21311499999999994,0.21311499999999994,NYK,DETERMINATE,True,True,True,True,SAS,False,False,0,27,3,29,53.8,2796.2,30.0,True,0.9992708333333333,True,0.018680555555555554,0.9709027777777777
0042500405,NYK-SAS,4,5,NYK,SAS,3,2,NYK,NYK,94,90,4,NYK,SAS,0.421348,0.393258,0.028090000000000004,0.028090000000000004,INDETERMINATE,INDETERMINATE,NA,NA,True,False,SAS,False,False,0,5,5,16,2424.0,275.0,181.0,True,0.9774305555555556,False,0.0954861111111111,0.8416666666666667
